Company Name;Global Company Key;Ticker;Data Date;Data Year - Fiscal;Industry Format;Level of Consolidation - Company Annual Descriptor;Population Source;Data Format;ISO Currency Code;Assets - Total;Capital Expenditures;Earnings Before Interest and Taxes;Earnings Before Interest;Gross Profit (Loss);Net Income (Loss);Sales/Turnover (Net);Active/Inactive Status Marker
PINNACLE WEST CAPITAL CORP;001075;PNW;31/12/2017;2017;INDL;C;D;STD;USD;17019,08;1430,89;934,43;1468,55;1468,55;488,46;3565,30;A
ABBOTT LABORATORIES;001078;ABT;31/12/2017;2017;INDL;C;D;STD;USD;76250,00;1135,00;3996,00;7017,00;17277,00;477,00;27390,00;A
ADVANCED MICRO DEVICES;001161;AMD;31/12/2017;2017;INDL;C;D;STD;USD;3540,00;113,00;152,00;229,00;1900,00;43,00;5329,00;A
AETNA INC;001177;AET;31/12/2017;2017;FS;C;D;STD;USD;55151,00;;;;;;;I
AETNA INC;001177;AET;31/12/2017;2017;INDL;C;D;STD;USD;55151,00;410,00;5038,00;5428,00;15819,00;1904,00;60447,00;I
AIR PRODUCTS & CHEMICALS INC;001209;APD;30/09/2017;2017;INDL;C;D;STD;USD;18467,20;1039,70;1660,80;2526,60;3300,00;3000,40;8187,60;A
HONEYWELL INTERNATIONAL INC;001300;HON;31/12/2017;2017;INDL;C;D;STD;USD;59387,00;1031,00;8122,00;9237,00;14858,00;1655,00;40534,00;A
HESS CORP;001380;HES;31/12/2017;2017;INDL;C;D;STD;USD;23112,00;1937,00;-5392,00;-2185,00;-1568,00;-4074,00;5466,00;A
AMERICAN ELECTRIC POWER CO;001440;AEP;31/12/2017;2017;INDL;C;D;STD;USD;64729,10;5799,30;3431,20;5428,40;5428,40;1912,60;15424,90;A
AMERICAN EXPRESS CO;001447;AXP;31/12/2017;2017;FS;C;D;STD;USD;181159,00;;;;;;;A
AMERICAN EXPRESS CO;001447;AXP;31/12/2017;2017;INDL;C;D;STD;USD;181159,00;1063,00;8297,00;9618,00;9618,00;2736,00;35583,00;A
AFLAC INC;001449;AFL;31/12/2017;2017;FS;C;D;STD;USD;137217,00;;;;;;;A
AFLAC INC;001449;AFL;31/12/2017;2017;INDL;C;D;STD;USD;137217,00;0,00;4346,00;4396,00;4396,00;4604,00;21700,00;A
AMERICAN INTERNATIONAL GROUP;001487;AIG;31/12/2017;2017;FS;C;D;STD;USD;498301,00;;;;;;;A
AMERICAN INTERNATIONAL GROUP;001487;AIG;31/12/2017;2017;INDL;C;D;STD;USD;498301,00;0,00;2518,00;6392,00;6392,00;-6084,00;49004,00;A
AMGEN INC;001602;AMGN;31/12/2017;2017;INDL;C;D;STD;USD;79954,00;664,00;10497,00;12452,00;20881,00;1979,00;22849,00;A
ANALOG DEVICES INC;001632;ADI;31/10/2017;2017;INDL;C;D;STD;USD;21141,29;204,10;1534,05;2118,11;3707,02;727,26;5107,50;A
NABORS INDUSTRIES LTD;001661;NBR;31/12/2017;2017;INDL;C;D;STD;USD;8401,98;574,47;-300,25;542,69;846,22;-546,81;2564,29;A
APA CORP;001678;APA;31/12/2017;2017;INDL;C;D;STD;USD;21922,00;2760,00;668,00;3324,00;4022,00;1304,00;5752,00;A
APPLE INC;001690;AAPL;30/09/2017;2017;INDL;C;D;STD;USD;375319,00;12451,00;61344,00;70744,00;97586,00;48351,00;229234,00;A
APPLIED MATERIALS INC;001704;AMAT;31/10/2017;2017;INDL;C;D;STD;USD;19419,00;345,00;3871,00;4278,00;6919,00;3434,00;14537,00;A
ARCHER-DANIELS-MIDLAND CO;001722;ADM;31/12/2017;2017;INDL;C;D;STD;USD;39963,00;1049,00;1513,00;2437,00;4430,00;1595,00;60828,00;A
AUTODESK INC;001878;ADSK;31/01/2017;2016;INDL;C;D;STD;USD;4798,10;76,00;-419,10;-273,80;1802,60;-582,10;2031,00;A
AUTOMATIC DATA PROCESSING;001891;ADP;30/06/2017;2017;INDL;C;D;STD;USD;37180,00;240,20;2405,90;2722,00;5426,10;1733,40;12379,80;A
AVERY DENNISON CORP;001913;AVY;31/12/2017;2017;INDL;C;D;STD;USD;5136,90;190,50;689,00;863,50;1986,70;281,80;6613,80;A
AVON PRODUCTS;001920;AVP;31/12/2017;2017;INDL;C;D;STD;USD;3697,90;97,30;352,30;464,20;3626,70;22,00;5715,60;A
BANK OF NEW YORK MELLON CORP;002019;BK;31/12/2017;2017;FS;C;D;STD;USD;371758,00;;;;;;;A
BANK OF NEW YORK MELLON CORP;002019;BK;31/12/2017;2017;INDL;C;D;STD;USD;371758,00;1197,00;7311,00;8785,00;15567,00;4090,00;16617,00;A
BAXTER INTERNATIONAL INC;002086;BAX;31/12/2017;2017;INDL;C;D;STD;USD;17111,00;634,00;1532,00;2275,00;5316,00;717,00;10561,00;A
BECTON DICKINSON & CO;002111;BDX;30/09/2017;2017;INDL;C;D;STD;USD;37734,00;726,00;2243,00;3182,00;6881,00;1100,00;12093,00;A
VERIZON COMMUNICATIONS INC;002136;VZ;31/12/2017;2017;INDL;C;D;STD;USD;257143,00;17247,00;27206,00;43936,00;74649,00;30101,00;126034,00;A
BEMIS CO INC;002154;BMS;31/12/2017;2017;INDL;C;D;STD;USD;3699,90;188,50;361,90;531,70;955,00;94,00;4046,20;I
BERKSHIRE HATHAWAY;002176;BRK.B;31/12/2017;2017;FS;C;D;STD;USD;702095,00;;;;;;;A
BERKSHIRE HATHAWAY;002176;BRK.B;31/12/2017;2017;INDL;C;D;STD;USD;702095,00;11708,00;26294,00;35482,00;35482,00;44940,00;242137,00;A
BEST BUY CO INC;002184;BBY;31/01/2017;2016;INDL;C;D;STD;USD;13856,00;582,00;1733,00;2387,00;9911,00;1228,00;39403,00;A
BLOCK H & R INC;002269;HRB;30/04/2017;2016;INDL;C;D;STD;USD;2694,11;89,26;715,98;898,15;1511,73;408,95;3036,31;A
BOEING CO;002285;BA;31/12/2017;2017;INDL;C;D;STD;USD;92333,00;1739,00;10123,00;11911,00;19184,00;8197,00;93392,00;A
ROBERT HALF INC;002312;RHI;31/12/2017;2017;INDL;C;D;STD;USD;1867,45;40,75;515,72;581,21;2227,74;290,58;5266,79;A
BRISTOL-MYERS SQUIBB CO;002403;BMY;31/12/2017;2017;INDL;C;D;STD;USD;33551,00;1055,00;4220,00;5092,00;15731,00;1007,00;20776,00;A
BROWN FORMAN CORP;002435;BF.B;30/04/2017;2016;INDL;C;D;STD;USD;4625,00;115,00;971,00;1029,00;2079,00;669,00;2994,00;A
CIGNA GROUP (THE);002547;CI;31/12/2017;2017;FS;C;D;STD;USD;61753,00;;;;;;;A
CIGNA GROUP (THE);002547;CI;31/12/2017;2017;INDL;C;D;STD;USD;61753,00;471,00;4369,00;4935,00;4935,00;2237,00;41616,00;A
CSX CORP;002574;CSX;31/12/2017;2017;INDL;C;D;STD;USD;35739,00;2040,00;3700,00;5015,00;5015,00;5471,00;11408,00;A
CAMPBELL SOUP CO;002663;CPB;31/07/2017;2017;INDL;C;D;STD;USD;7726,00;338,00;1677,00;1995,00;3362,00;887,00;7890,00;A
CONSTELLATION BRANDS;002710;STZ;28/02/2017;2016;INDL;C;D;STD;USD;18602,40;907,40;2179,60;2427,50;3784,40;1535,10;7331,50;A
CARDINAL HEALTH INC;002751;CAH;30/06/2017;2017;INDL;C;D;STD;USD;40112,00;387,00;2362,00;3071,00;6846,00;1288,00;129976,00;A
CATERPILLAR INC;002817;CAT;31/12/2017;2017;INDL;C;D;STD;USD;76962,00;2336,00;6521,00;9399,00;16481,00;754,00;45462,00;A
JPMORGAN CHASE & CO;002968;JPM;31/12/2017;2017;FS;C;D;STD;USD;2533600,00;;;;;;;A
JPMORGAN CHASE & CO;002968;JPM;31/12/2017;2017;INDL;C;D;STD;USD;2533600,00;0,00;52778,00;58957,00;93689,00;24441,00;113254,00;A
CHEVRON CORP;002991;CVX;31/12/2017;2017;INDL;C;D;STD;USD;253806,00;13404,00;2480,00;21829,00;27141,00;9195,00;127485,00;A
CINTAS CORP;003062;CTAS;31/05/2017;2016;INDL;C;D;STD;USD;6844,06;273,32;852,92;1047,28;2574,66;480,71;5323,38;A
CLEVELAND-CLIFFS INC;003107;CLF;31/12/2017;2017;INDL;C;D;STD;USD;2953,40;151,70;406,00;493,70;594,50;367,00;2335,30;A
CLOROX CO/DE;003121;CLX;30/06/2017;2017;INDL;C;D;STD;USD;4573,00;231,00;1117,00;1280,00;2824,00;701,00;5973,00;A
COCA-COLA CO;003144;KO;31/12/2017;2017;INDL;C;D;STD;USD;87896,00;1675,00;9430,00;10648,00;23375,00;1248,00;35410,00;A
COLGATE-PALMOLIVE CO;003170;CL;31/12/2017;2017;INDL;C;D;STD;USD;12676,00;553,00;3912,00;4387,00;9795,00;2024,00;15454,00;A
AON PLC;003221;AON;31/12/2017;2017;FS;C;D;STD;USD;26088,00;;;;;;;A
AON PLC;003221;AON;31/12/2017;2017;INDL;C;D;STD;USD;26088,00;183,00;2155,00;2497,00;2497,00;1226,00;9998,00;A
COMCAST CORP;003226;CMCSA;31/12/2017;2017;INDL;C;D;STD;USD;186949,00;9968,00;17795,00;28062,00;28062,00;22714,00;84526,00;A
COMERICA INC;003231;CMA;31/12/2017;2017;FS;C;D;STD;USD;71567,00;;;;;;;A
COMERICA INC;003231;CMA;31/12/2017;2017;INDL;C;D;STD;USD;71567,00;69,00;1866,50;1987,50;3094,00;743,00;3289,00;A
CITIGROUP INC;003243;C;31/12/2017;2017;FS;C;D;STD;USD;1842465,00;;;;;;;A
CITIGROUP INC;003243;C;31/12/2017;2017;INDL;C;D;STD;USD;1842465,00;3361,00;32433,00;36092,00;36092,00;-6798,00;87367,00;A
CONAGRA BRANDS INC;003362;CAG;31/05/2017;2016;INDL;C;D;STD;USD;10096,30;242,10;1234,50;1502,50;2627,80;639,30;7826,90;A
CONSOLIDATED EDISON INC;003413;ED;31/12/2017;2017;INDL;C;D;STD;USD;48111,00;3028,00;2609,00;3950,00;3950,00;1525,00;12033,00;A
CMS ENERGY CORP;003439;CMS;31/12/2017;2017;INDL;C;D;STD;USD;23050,00;1665,00;1338,00;2219,00;2219,00;460,00;6583,00;A
MOLSON COORS BEVERAGE CO;003505;TAP;31/12/2017;2017;INDL;C;D;STD;USD;30246,90;599,60;1834,50;2626,80;5366,50;1414,20;11002,80;A
CORNING INC;003532;GLW;31/12/2017;2017;INDL;C;D;STD;USD;27494,00;1804,00;1689,00;2847,00;5147,00;-497,00;10116,00;A
CUMMINS INC;003650;CMI;31/12/2017;2017;INDL;C;D;STD;USD;18075,00;506,00;1936,00;2515,00;5657,00;999,00;20428,00;A
DANAHER CORP;003735;DHR;31/12/2017;2017;INDL;C;D;STD;USD;46648,60;619,60;3180,30;4418,60;11468,80;2492,10;18329,70;A
TARGET CORP;003813;TGT;31/01/2017;2016;INDL;C;D;STD;USD;37431,00;1547,00;4973,00;7271,00;20623,00;2737,00;69495,00;A
DEERE & CO;003835;DE;31/10/2017;2017;INDL;C;D;STD;USD;65786,30;2592,30;2861,30;4576,80;8940,10;2159,10;28444,70;A
DTE ENERGY CO;003897;DTE;31/12/2017;2017;INDL;C;D;STD;USD;33767,00;2250,00;1646,00;2676,00;2676,00;1134,00;12607,00;A
DISNEY (WALT) CO;003980;DIS;30/09/2017;2017;INDL;C;D;STD;USD;95789,00;3623,00;13873,00;16655,00;24831,00;8980,00;55137,00;A
DOMINION ENERGY INC;004029;D;31/12/2017;2017;INDL;C;D;STD;USD;76585,00;5504,00;4124,00;6029,00;6029,00;2999,00;12586,00;A
DONNELLEY (R R) & SONS CO;004040;RRD;31/12/2017;2017;INDL;C;D;STD;USD;3904,50;108,50;282,80;474,20;1320,30;-34,40;6939,60;I
DOVER CORP;004058;DOV;31/12/2017;2017;INDL;C;D;STD;USD;10657,65;196,74;986,94;1381,18;3300,41;811,67;7830,44;A
DUPONT DE NEMOURS INC;004060;DD;31/12/2017;2017;INDL;C;D;STD;USD;192164,00;3570,00;7352,00;11207,00;17325,00;1460,00;62484,00;A
OMNICOM GROUP INC;004066;OMC;31/12/2017;2017;INDL;C;D;STD;USD;24931,20;156,00;2059,70;2341,80;2791,80;1088,40;15273,60;A
DUKE ENERGY CORP;004093;DUK;31/12/2017;2017;INDL;C;D;STD;USD;137914,00;8052,00;6129,00;9656,00;9656,00;3059,00;23565,00;A
DUN & BRADSTREET HOLDNGS INC;004094;DNB;31/12/2017;2017;INDL;C;D;STD;USD;2480,90;8,40;423,00;502,70;1167,80;140,90;1742,50;A
FLOWSERVE CORP;004108;FLS;31/12/2017;2017;INDL;C;D;STD;USD;4910,47;61,60;303,49;420,26;1263,01;2,65;3660,83;A
EATON CORP PLC;004199;ETN;31/12/2017;2017;INDL;C;D;STD;USD;32623,00;520,00;2503,00;3362,00;7507,00;2985,00;20404,00;A
ECOLAB INC;004213;ECL;31/12/2017;2017;INDL;C;D;STD;USD;19962,40;868,60;2060,10;2953,40;7370,50;1508,40;13838,30;A
EMERSON ELECTRIC CO;004321;EMR;30/09/2017;2017;INDL;C;D;STD;USD;19589,00;476,00;2724,00;3360,00;6978,00;1518,00;15264,00;A
EQUIFAX INC;004423;EFX;31/12/2017;2017;INDL;C;D;STD;USD;7233,40;218,20;950,30;1238,10;2165,70;587,30;3362,20;A
EQT CORP;004430;EQT;31/12/2017;2017;INDL;C;D;STD;USD;29522,60;1939,20;1178,26;2266,76;2266,76;1508,53;3378,02;A
EXPEDITORS INTL WASH INC;004494;EXPD;31/12/2017;2017;INDL;C;D;STD;USD;3117,01;95,02;690,26;739,57;932,34;489,35;6920,95;A
EXXON MOBIL CORP;004503;XOM;31/12/2017;2017;INDL;C;D;STD;USD;348691,00;15402,00;12074,00;31967,00;44713,00;19710,00;237162,00;A
FMC CORP;004510;FMC;31/12/2017;2017;INDL;C;D;STD;USD;9206,30;85,70;491,60;584,70;1214,60;535,80;2878,60;A
NEXTERA ENERGY INC;004517;NEE;31/12/2017;2017;INDL;C;D;STD;USD;97827,00;5371,00;6650,00;9007,00;9007,00;5378,00;17195,00;A
FEDEX CORP;004598;FDX;31/05/2017;2016;INDL;C;D;STD;USD;48552,00;5116,00;5425,00;8420,00;16784,00;2997,00;60319,00;A
MACY'S INC;004611;M;31/01/2017;2016;INDL;C;D;STD;USD;19851,00;596,00;1315,00;2373,00;10157,00;619,00;25778,00;A
FIFTH THIRD BANCORP;004640;FITB;31/12/2017;2017;FS;C;D;STD;USD;142193,00;;;;;;;A
FIFTH THIRD BANCORP;004640;FITB;31/12/2017;2017;INDL;C;D;STD;USD;142193,00;231,00;3087,00;3323,00;5724,00;2194,00;6676,00;A
REGIONS FINANCIAL CORP;004674;RF;31/12/2017;2017;FS;C;D;STD;USD;124294,00;;;;;;;A
REGIONS FINANCIAL CORP;004674;RF;31/12/2017;2017;INDL;C;D;STD;USD;124294,00;150,00;2878,00;2878,00;5495,00;1263,00;6093,00;A
M & T BANK CORP;004699;MTB;31/12/2017;2017;FS;C;D;STD;USD;118593,49;;;;;;;A
M & T BANK CORP;004699;MTB;31/12/2017;2017;INDL;C;D;STD;USD;118593,49;78,97;3321,25;3518,37;5464,19;1408,31;6018,94;A
US BANCORP;004723;USB;31/12/2017;2017;FS;C;D;STD;USD;462040,00;;;;;;;A
US BANCORP;004723;USB;31/12/2017;2017;INDL;C;D;STD;USD;462040,00;0,00;12043,00;12511,00;20462,00;6218,00;23996,00;A
FIRST HORIZON CORP;004737;FHN;31/12/2017;2017;FS;C;D;STD;USD;41423,39;;;;;;;A
FIRST HORIZON CORP;004737;FHN;31/12/2017;2017;INDL;C;D;STD;USD;41423,39;53,05;676,45;719,88;1346,86;165,52;1494,48;A
FLUOR CORP;004818;FLR;31/12/2017;2017;INDL;C;D;STD;USD;9327,69;283,11;440,30;665,57;843,76;191,38;19520,97;A
FORD MOTOR CO;004839;F;31/12/2017;2017;INDL;C;D;STD;USD;257808,00;7049,00;8044,00;17166,00;30431,00;7602,00;156776,00;A
FRANKLIN RESOURCES INC;004885;BEN;30/09/2017;2017;FS;C;D;STD;USD;17534,00;;;;;;;A
FRANKLIN RESOURCES INC;004885;BEN;30/09/2017;2017;INDL;C;D;STD;USD;17534,00;74,90;2250,50;2335,90;2335,90;1696,70;6392,20;A
GAP INC;004990;GPS;31/01/2017;2016;INDL;C;D;STD;USD;7610,00;524,00;1332,00;1931,00;6239,00;676,00;15516,00;A
GENERAL DYNAMICS CORP;005046;GD;31/12/2017;2017;INDL;C;D;STD;USD;35046,00;428,00;4177,00;4618,00;6628,00;2912,00;30973,00;A
GE AEROSPACE;005047;GE;31/12/2017;2017;INDL;C;D;STD;USD;377945,00;7371,00;10653,00;18012,00;35625,00;-5774,00;120468,00;A
GENERAL MILLS INC;005071;GIS;31/05/2017;2016;INDL;C;D;STD;USD;21812,60;684,40;2847,90;3451,50;6252,80;1657,50;15619,80;A
GENUINE PARTS CO;005125;GPC;31/12/2017;2017;INDL;C;D;STD;USD;12412,38;156,76;1068,74;1236,43;4912,00;616,76;16308,80;A
GOODYEAR TIRE & RUBBER CO;005234;GT;31/12/2017;2017;INDL;C;D;STD;USD;17064,00;881,00;1396,00;2136,00;4438,00;346,00;15377,00;A
GRAINGER (W W) INC;005256;GWW;31/12/2017;2017;INDL;C;D;STD;USD;5804,25;237,28;1160,31;1419,31;4267,56;585,73;10424,86;A
HALLIBURTON CO;005439;HAL;31/12/2017;2017;INDL;C;D;STD;USD;25085,00;1373,00;2009,00;3565,00;3821,00;-463,00;20620,00;A
HASBRO INC;005518;HAS;31/12/2017;2017;INDL;C;D;STD;USD;5289,98;134,88;810,36;982,20;2877,82;396,61;5209,78;A
HELMERICH & PAYNE;005581;HP;30/09/2017;2017;INDL;C;D;STD;USD;6439,99;397,57;-189,97;395,58;555,42;-128,21;1804,74;A
HERSHEY CO;005597;HSY;31/12/2017;2017;INDL;C;D;STD;USD;5553,73;257,68;1553,02;1781,12;3677,76;782,98;7515,43;A
HP INC;005606;HPQ;31/10/2017;2017;INDL;C;D;STD;USD;32913,00;402,00;4011,00;4365,00;9931,00;2526,00;52056,00;A
HOME DEPOT INC;005680;HD;31/01/2017;2016;INDL;C;D;STD;USD;42966,00;1621,00;13464,00;15218,00;32313,00;7957,00;94595,00;A
HORMEL FOODS CORP;005709;HRL;31/10/2017;2017;INDL;C;D;STD;USD;6975,91;221,29;1241,06;1372,04;2134,14;846,74;9167,52;A
CENTERPOINT ENERGY INC;005742;CNP;31/12/2017;2017;INDL;C;D;STD;USD;22736,00;1426,00;1072,00;2108,00;2108,00;1792,00;9614,00;A
HUNTINGTON BANCSHARES;005786;HBAN;31/12/2017;2017;FS;C;D;STD;USD;104185,00;;;;;;;A
HUNTINGTON BANCSHARES;005786;HBAN;31/12/2017;2017;INDL;C;D;STD;USD;104185,00;194,00;1788,00;2201,00;4108,00;1186,00;4740,00;A
ILLINOIS TOOL WORKS;005878;ITW;31/12/2017;2017;INDL;C;D;STD;USD;16780,00;297,00;3399,00;3861,00;6261,00;1687,00;14314,00;A
INTEL CORP;006008;INTC;31/12/2017;2017;INDL;C;D;STD;USD;123249,00;11778,00;18488,00;26617,00;47076,00;9601,00;62761,00;A
INTL BUSINESS MACHINES CORP;006066;IBM;31/12/2017;2017;INDL;C;D;STD;USD;125356,00;3229,00;10913,00;15454,00;40930,00;5753,00;79139,00;A
INTL FLAVORS & FRAGRANCES;006078;IFF;31/12/2017;2017;INDL;C;D;STD;USD;4598,93;128,97;646,11;762,28;1589,61;295,67;3398,72;A
INTL PAPER CO;006104;IP;31/12/2017;2017;INDL;C;D;STD;USD;33903,00;1391,00;2297,00;3630,00;5250,00;2144,00;21743,00;A
INTERPUBLIC GROUP OF COS;006136;IPG;31/12/2017;2017;INDL;C;D;STD;USD;12695,20;155,90;973,60;1130,70;1130,70;579,00;7882,40;A
JOHNSON & JOHNSON;006266;JNJ;31/12/2017;2017;INDL;C;D;STD;USD;157303,00;3279,00;19847,00;25489,00;57463,00;1300,00;76450,00;A
JOHNSON CONTROLS INTL PLC;006268;JCI;30/09/2017;2017;INDL;C;D;STD;USD;51884,00;1343,00;3231,00;4419,00;10527,00;1611,00;30172,00;A
KLA CORP;006304;KLAC;30/06/2017;2017;INDL;C;D;STD;USD;5532,17;38,59;1290,23;1342,33;2245,55;926,08;3480,01;A
KINDER MORGAN INC;006310;KMI;31/12/2017;2017;INDL;C;D;STD;USD;79055,00;3188,00;3556,00;5817,00;5817,00;183,00;13705,00;A
KELLANOVA;006375;K;31/12/2017;2017;INDL;C;D;STD;USD;16350,00;501,00;2214,00;2695,00;5550,00;1269,00;12923,00;A
KIMBERLY-CLARK CORP;006435;KMB;31/12/2017;2017;INDL;C;D;STD;USD;15151,00;785,00;3326,00;4050,00;7277,00;2278,00;18259,00;A
KROGER CO;006502;KR;31/01/2017;2016;INDL;C;D;STD;USD;36505,00;3699,00;3436,00;5776,00;25835,00;1975,00;115337,00;A
LAM RESEARCH CORP;006565;LRCX;30/06/2017;2017;INDL;C;D;STD;USD;12122,77;157,42;1934,75;2241,66;3852,06;1697,76;8013,62;A
LEGGETT & PLATT INC;006649;LEG;31/12/2017;2017;INDL;C;D;STD;USD;3550,80;159,40;443,60;559,60;963,20;292,60;3943,80;A
LEGG MASON INC;006653;LM;31/03/2017;2016;FS;C;D;STD;USD;8290,42;;;;;;;A
LEGG MASON INC;006653;LM;31/03/2017;2016;INDL;C;D;STD;USD;8290,42;39,98;492,86;573,07;573,07;227,26;2886,90;A
LENNAR CORP;006669;LEN;30/11/2017;2017;INDL;C;D;STD;USD;18745,03;111,77;1367,10;1494,78;2768,41;810,48;12646,37;A
LILLY (ELI) & CO;006730;LLY;31/12/2017;2017;INDL;C;D;STD;USD;44981,00;1076,80;4973,90;6420,40;18290,30;-204,10;22871,30;A
LINCOLN NATIONAL CORP;006742;LNC;31/12/2017;2017;FS;C;D;STD;USD;281763,00;;;;;;;A
LINCOLN NATIONAL CORP;006742;LNC;31/12/2017;2017;INDL;C;D;STD;USD;281763,00;0,00;2166,00;;2166,00;2079,00;14092,00;A
LOCKHEED MARTIN CORP;006774;LMT;31/12/2017;2017;INDL;C;D;STD;USD;46521,00;1177,00;5668,00;6863,00;6863,00;2002,00;51048,00;A
LOEWS CORP;006781;L;31/12/2017;2017;FS;C;D;STD;USD;79586,00;;;;;;;A
LOEWS CORP;006781;L;31/12/2017;2017;INDL;C;D;STD;USD;79586,00;1031,00;1959,00;2833,00;2833,00;1164,00;13500,00;A
RANGE RESOURCES CORP;006788;RRC;31/12/2017;2017;INDL;C;D;STD;USD;11728,84;1212,54;292,96;1187,68;1386,80;333,15;2609,11;A
LOWE'S COS INC;006829;LOW;31/01/2017;2016;INDL;C;D;STD;USD;34408,00;1167,00;6278,00;7767,00;22464,00;3091,00;65017,00;A
MARATHON OIL CORP;007017;MRO;31/12/2017;2017;INDL;C;D;STD;USD;22012,00;1974,00;-525,00;2093,00;2656,00;-5723,00;4373,00;A
HOST HOTELS & RESORTS INC;007063;HST;31/12/2017;2017;FS;C;D;STD;USD;11693,00;;;;;;;A
HOST HOTELS & RESORTS INC;007063;HST;31/12/2017;2017;INDL;C;D;STD;USD;11693,00;0,00;698,00;;796,00;564,00;5423,00;A
MARSH & MCLENNAN COS;007065;MMC;31/12/2017;2017;INDL;C;D;STD;USD;20429,00;302,00;2914,00;3395,00;3395,00;1492,00;14024,00;A
MASCO CORP;007085;MAS;31/12/2017;2017;INDL;C;D;STD;USD;5488,00;173,00;1173,00;1292,00;2734,00;533,00;7644,00;A
MATTEL INC;007116;MAT;31/12/2017;2017;INDL;C;D;STD;USD;6238,50;297,16;-167,10;96,99;2125,25;-1053,84;4924,95;A
MCCORMICK & CO INC;007146;MKC;30/11/2017;2017;INDL;C;D;STD;USD;10385,80;182,40;787,60;903,60;2147,10;477,40;4834,10;A
MCDONALD'S CORP;007154;MCD;31/12/2017;2017;INDL;C;D;STD;USD;33803,70;1853,70;8389,50;9617,00;11848,30;5192,30;22820,40;A
MCKESSON CORP;007171;MCK;31/03/2017;2016;INDL;C;D;STD;USD;60969,00;404,00;3441,00;4209,00;11451,00;5070,00;198533,00;A
MEDTRONIC PLC;007228;MDT;30/04/2017;2016;INDL;C;D;STD;USD;99816,00;1254,00;6593,00;9510,00;21414,00;4028,00;29710,00;A
CVS HEALTH CORP;007241;CVS;31/12/2017;2017;INDL;C;D;STD;USD;95131,00;1918,00;10044,00;12523,00;31026,00;6622,00;184765,00;A
MERCK & CO;007257;MRK;31/12/2017;2017;INDL;C;D;STD;USD;87872,00;1888,00;8148,00;12725,00;32196,00;2394,00;40122,00;A
MICRON TECHNOLOGY INC;007343;MU;31/08/2017;2017;INDL;C;D;STD;USD;35336,00;4734,00;5989,00;9855,00;12409,00;5089,00;20322,00;A
ENTERGY CORP;007366;ETR;31/12/2017;2017;INDL;C;D;STD;USD;46707,15;3905,62;1781,78;3577,45;3577,45;425,35;11074,48;A
3M CO;007435;MMM;31/12/2017;2017;INDL;C;D;STD;USD;37987,00;1373,00;7333,00;8877,00;17286,00;4858,00;31657,00;A
MOTOROLA SOLUTIONS INC;007585;MSI;31/12/2017;2017;INDL;C;D;STD;USD;8208,00;227,00;1335,00;1678,00;3225,00;-155,00;6380,00;A
MURPHY OIL CORP;007620;MUR;31/12/2017;2017;INDL;C;D;STD;USD;9860,94;1009,67;239,85;1301,93;1585,75;-311,79;2097,70;A
BANK OF AMERICA CORP;007647;BAC;31/12/2017;2017;FS;C;D;STD;USD;2281234,00;;;;;;;A
BANK OF AMERICA CORP;007647;BAC;31/12/2017;2017;INDL;C;D;STD;USD;2281234,00;0,00;44663,00;46766,00;84109,00;18232,00;100417,00;A
TENET HEALTHCARE CORP;007750;THC;31/12/2017;2017;INDL;C;D;STD;USD;23385,00;707,00;1389,00;2259,00;2259,00;-704,00;19179,00;A
NEWELL BRANDS INC;007875;NWL;31/12/2017;2017;INDL;C;D;STD;USD;33135,50;406,20;1772,10;2408,10;5773,20;2748,80;14742,20;A
NEWMONT CORP;007881;NEM;31/12/2017;2017;INDL;C;D;STD;USD;20563,00;866,00;1309,00;2735,00;3294,00;-98,00;7348,00;A
NIKE INC  -CL B;007906;NKE;31/05/2017;2016;INDL;C;D;STD;USD;23259,00;1105,00;4749,00;5455,00;16018,00;4240,00;34350,00;A
NOBLE ENERGY INC;007912;NBL;31/12/2017;2017;INDL;C;D;STD;USD;21476,00;2649,00;113,00;2228,00;2831,00;-1118,00;4060,00;I
NORDSTROM INC;007922;JWN;31/01/2017;2016;INDL;C;D;STD;USD;7858,00;846,00;980,00;1625,00;5962,00;354,00;14757,00;A
NORFOLK SOUTHERN CORP;007923;NSC;31/12/2017;2017;INDL;C;D;STD;USD;35711,00;1723,00;3435,00;4490,00;4490,00;5404,00;10551,00;A
NISOURCE INC;007974;NI;31/12/2017;2017;INDL;C;D;STD;USD;19961,70;1695,80;932,20;1502,50;1502,50;128,50;4874,60;A
XCEL ENERGY INC;007977;XEL;31/12/2017;2017;INDL;C;D;STD;USD;43030,00;3244,00;2198,00;3677,00;3677,00;1148,00;11404,00;A
NORTHERN TRUST CORP;007982;NTRS;31/12/2017;2017;FS;C;D;STD;USD;138590,50;;;;;;;A
NORTHERN TRUST CORP;007982;NTRS;31/12/2017;2017;INDL;C;D;STD;USD;138590,50;91,60;2736,20;3157,90;5403,30;1199,00;5715,50;A
NORTHROP GRUMMAN CORP;007985;NOC;31/12/2017;2017;INDL;C;D;STD;USD;34917,00;928,00;3299,00;3774,00;6429,00;2015,00;25803,00;A
WELLS FARGO & CO;008007;WFC;31/12/2017;2017;FS;C;D;STD;USD;1951757,00;;;;;;;A
WELLS FARGO & CO;008007;WFC;31/12/2017;2017;INDL;C;D;STD;USD;1951757,00;0,00;46439,00;46439,00;84896,00;22183,00;96776,00;A
NUCOR CORP;008030;NUE;31/12/2017;2017;INDL;C;D;STD;USD;15841,26;448,56;1904,38;2631,44;3296,47;1318,69;20252,39;A
OCCIDENTAL PETROLEUM CORP;008068;OXY;31/12/2017;2017;INDL;C;D;STD;USD;42026,00;3599,00;698,00;4700,00;6206,00;1311,00;12508,00;A
FIRSTENERGY CORP;008099;FE;31/12/2017;2017;INDL;C;D;STD;USD;42257,00;2841,00;2891,00;4337,00;4337,00;-1724,00;14012,00;A
ONEOK INC;008151;OKE;31/12/2017;2017;INDL;C;D;STD;USD;16845,94;512,39;1445,94;1852,28;1852,28;387,84;12173,91;A
O-I GLASS INC;008215;OI;31/12/2017;2017;INDL;C;D;STD;USD;9756,00;441,00;541,00;981,00;1543,00;180,00;6880,00;A
PNC FINANCIAL SVCS GROUP INC;008245;PNC;31/12/2017;2017;FS;C;D;STD;USD;380768,00;;;;;;;A
PNC FINANCIAL SVCS GROUP INC;008245;PNC;31/12/2017;2017;INDL;C;D;STD;USD;380768,00;0,00;7614,00;8731,00;15888,00;5338,00;18035,00;A
PPG INDUSTRIES INC;008247;PPG;31/12/2017;2017;INDL;C;D;STD;USD;16538,00;360,00;2075,00;2535,00;6552,00;1594,00;14759,00;A
PACCAR INC;008253;PCAR;31/12/2017;2017;INDL;C;D;STD;USD;23440,20;1846,60;2293,20;3400,70;4242,70;1675,20;19456,40;A
PG&E CORP;008264;PCG;31/12/2017;2017;INDL;C;D;STD;USD;68012,00;5641,00;3282,00;6136,00;6136,00;1660,00;17135,00;A
SEMPRA ENERGY;008272;SRE;31/12/2017;2017;INDL;C;D;STD;USD;50454,00;3949,00;2350,00;3840,00;3840,00;257,00;11207,00;A
PARKER-HANNIFIN CORP;008358;PH;30/06/2017;2017;INDL;C;D;STD;USD;15489,90;203,75;1484,06;1832,05;3224,28;983,41;12029,31;A
PAYCHEX INC;008402;PAYX;31/05/2017;2016;INDL;C;D;STD;USD;6833,70;94,30;1239,60;1366,50;2358,60;817,30;3151,30;A
PPL CORP;008455;PPL;31/12/2017;2017;INDL;C;D;STD;USD;41479,00;3133,00;3068,00;4076,00;4076,00;1128,00;7447,00;A
PEPSICO INC;008479;PEP;31/12/2017;2017;INDL;C;D;STD;USD;79804,00;2969,00;10820,00;13189,00;37041,00;4857,00;63525,00;A
PFIZER INC;008530;PFE;31/12/2017;2017;INDL;C;D;STD;USD;171797,00;1956,00;14847,00;21116,00;43219,00;21308,00;52546,00;A
EXELON CORP;008539;EXC;31/12/2017;2017;INDL;C;D;STD;USD;116700,00;7584,00;3701,00;7529,00;7529,00;3770,00;33531,00;A
ALTRIA GROUP INC;008543;MO;31/12/2017;2017;INDL;C;D;STD;USD;43202,00;199,00;9715,00;9924,00;12223,00;10222,00;19494,00;A
CONOCOPHILLIPS;008549;COP;31/12/2017;2017;INDL;C;D;STD;USD;73362,00;4591,00;1719,00;9329,00;10649,00;-855,00;29106,00;A
PITNEY BOWES INC;008606;PBI;31/12/2017;2017;INDL;C;D;STD;USD;6678,72;170,99;462,85;645,19;2009,62;261,34;3549,95;A
PROCTER & GAMBLE CO;008762;PG;30/06/2017;2017;INDL;C;D;STD;USD;120406,00;3384,00;14685,00;17505,00;35936,00;15326,00;65058,00;A
PUBLIC SERVICE ENTRP GRP INC;008810;PEG;31/12/2017;2017;INDL;C;D;STD;USD;42716,00;4190,00;2404,00;3415,00;3415,00;1574,00;9084,00;A
PULTEGROUP INC;008823;PHM;31/12/2017;2017;INDL;C;D;STD;USD;9686,65;32,05;951,40;1002,40;1884,19;447,22;8573,25;A
RAYTHEON CO;008972;RTN;31/12/2017;2017;INDL;C;D;STD;USD;30860,00;543,00;3318,00;3868,00;6822,00;2024,00;25348,00;I
AUTONATION INC;009063;AN;31/12/2017;2017;INDL;C;D;STD;USD;10271,50;313,40;767,20;925,80;3359,00;434,60;21534,60;A
ROCKWELL AUTOMATION;009203;ROK;30/09/2017;2017;INDL;C;D;STD;USD;7161,70;141,70;1032,70;1201,60;2793,10;825,70;6311,30;A
ROSS STORES INC;009248;ROST;31/01/2017;2016;INDL;C;D;STD;USD;5309,35;297,88;1802,64;2105,16;3995,57;1117,65;12866,76;A
ROWAN COMPANIES LTD;009258;RDC;31/12/2017;2017;INDL;C;D;STD;USD;8458,30;100,60;89,40;493,10;598,00;72,70;1282,80;I
RYDER SYSTEM INC;009299;R;31/12/2017;2017;INDL;C;D;STD;USD;11452,23;1860,44;507,22;1768,39;2609,44;790,56;7329,60;A
SCANA CORP;009445;SCG;31/12/2017;2017;INDL;C;D;STD;USD;18739,00;1225,00;1194,00;1576,00;1576,00;-119,00;4407,00;I
SCHLUMBERGER LTD;009465;SLB;31/12/2017;2017;INDL;C;D;STD;USD;71987,00;2383,00;2923,00;6263,00;7482,00;-1505,00;30440,00;A
SEALED AIR CORP;009555;SEE;31/12/2017;2017;INDL;C;D;STD;USD;5280,30;183,80;676,70;796,80;1524,20;814,90;4461,60;A
SHERWIN-WILLIAMS CO;009667;SHW;31/12/2017;2017;INDL;C;D;STD;USD;19958,43;222,77;2030,63;2522,39;7181,01;1772,26;14983,79;A
SMUCKER (JM) CO;009777;SJM;30/04/2017;2016;INDL;C;D;STD;USD;15639,70;192,40;1239,20;1656,80;3048,90;592,30;7388,50;A
SNAP-ON INC;009778;SNA;31/12/2017;2017;INDL;C;D;STD;USD;5249,10;82,00;927,90;1021,10;2135,80;557,70;4000,30;A
KEYCORP;009783;KEY;31/12/2017;2017;FS;C;D;STD;USD;137698,00;;;;;;;A
KEYCORP;009783;KEY;31/12/2017;2017;INDL;C;D;STD;USD;137698,00;112,00;3114,00;3114,00;5924,00;1296,00;6766,00;A
EDISON INTERNATIONAL;009846;EIX;31/12/2017;2017;INDL;C;D;STD;USD;52580,00;3828,00;2209,00;4250,00;4250,00;689,00;12320,00;A
SOUTHERN CO;009850;SO;31/12/2017;2017;INDL;C;D;STD;USD;111005,00;7423,00;5981,00;8991,00;8991,00;880,00;23031,00;A
SOUTHWEST AIRLINES;009882;LUV;31/12/2017;2017;INDL;C;D;STD;USD;25110,00;2249,00;3681,00;4899,00;7491,00;3488,00;21171,00;A
AT&T INC;009899;T;31/12/2017;2017;INDL;C;D;STD;USD;444097,00;21550,00;24974,00;49361,00;83410,00;29450,00;160789,00;A
SOUTHWESTERN ENERGY CO;009904;SWN;31/12/2017;2017;INDL;C;D;STD;USD;7521,00;1268,00;736,00;1240,00;1240,00;1046,00;3203,00;A
STANLEY BLACK & DECKER INC;010016;SWK;31/12/2017;2017;INDL;C;D;STD;USD;19079,90;442,40;1718,60;2179,30;5121,70;1226,00;12747,20;A
STATE STREET CORP;010035;STT;31/12/2017;2017;FS;C;D;STD;USD;238425,00;;;;;;;A
STATE STREET CORP;010035;STT;31/12/2017;2017;INDL;C;D;STD;USD;238425,00;637,00;5543,00;6283,00;11138,00;2177,00;11744,00;A
PUBLIC STORAGE;010096;PSA;31/12/2017;2017;FS;C;D;STD;USD;10732,89;;;;;;;A
PUBLIC STORAGE;010096;PSA;31/12/2017;2017;INDL;C;D;STD;USD;10732,89;0,00;1517,37;;1605,65;1442,22;2762,95;A
STRYKER CORP;010115;SYK;31/12/2017;2017;INDL;C;D;STD;USD;22197,00;598,00;2760,00;3402,00;8523,00;1020,00;12444,00;A
SYSCO CORP;010247;SYY;30/06/2017;2017;INDL;C;D;STD;USD;17756,66;686,38;2253,96;3017,25;11435,81;1142,50;55371,14;A
ATI INC -NEW;010405;ATI;31/12/2017;2017;INDL;C;D;STD;USD;5185,40;122,70;194,70;339,90;594,20;-91,90;3525,10;A
TERADYNE INC;010453;TER;31/12/2017;2017;INDL;C;D;STD;USD;3109,55;105,38;539,39;636,04;1289,99;257,69;2136,61;A
TEXAS INSTRUMENTS INC;010499;TXN;31/12/2017;2017;INDL;C;D;STD;USD;17642,00;695,00;6094,00;6998,00;10200,00;3682,00;14961,00;A
TEXTRON INC;010519;TXT;31/12/2017;2017;INDL;C;D;STD;USD;15340,00;423,00;1066,00;1497,00;2834,00;307,00;14198,00;A
THERMO FISHER SCIENTIFIC INC;010530;TMO;31/12/2017;2017;INDL;C;D;STD;USD;56669,00;508,00;3266,00;5294,00;10516,00;2225,00;20918,00;A
TOTAL SYSTEM SERVICES INC;010631;TSS;31/12/2017;2017;INDL;C;D;STD;USD;6331,69;70,04;749,36;1103,83;1525,62;586,19;4927,97;I
TYSON FOODS INC  -CL A;010793;TSN;30/09/2017;2017;INDL;C;D;STD;USD;28066,00;1069,00;3330,00;4079,00;5992,00;1774,00;38260,00;A
AMEREN CORP;010860;AEE;31/12/2017;2017;INDL;C;D;STD;USD;25945,00;2195,00;1458,00;2354,00;2354,00;523,00;6177,00;A
UNION PACIFIC CORP;010867;UNP;31/12/2017;2017;INDL;C;D;STD;USD;57806,00;3238,00;8147,00;10252,00;10252,00;10712,00;21240,00;A
UNITEDHEALTH GROUP INC;010903;UNH;31/12/2017;2017;FS;C;D;STD;USD;139058,00;;;;;;;A
UNITEDHEALTH GROUP INC;010903;UNH;31/12/2017;2017;INDL;C;D;STD;USD;139058,00;2023,00;15209,00;17454,00;47011,00;10558,00;201159,00;A
UNITED PARCEL SERVICE INC;010920;UPS;31/12/2017;2017;INDL;C;D;STD;USD;45403,00;5227,00;7509,00;9791,00;9791,00;4910,00;65872,00;A
VF CORP;011060;VFC;31/12/2017;2017;INDL;C;D;STD;USD;9958,50;169,55;1554,31;1831,45;6253,86;614,92;11811,18;A
VARIAN MEDICAL SYSTEMS INC;011115;VAR;30/09/2017;2017;INDL;C;D;STD;USD;3179,40;59,10;407,60;477,90;1225,90;249,60;2668,20;I
VORNADO REALTY TRUST;011220;VNO;31/12/2017;2017;FS;C;D;STD;USD;17397,93;;;;;;;A
VORNADO REALTY TRUST;011220;VNO;31/12/2017;2017;INDL;C;D;STD;USD;17397,93;0,00;663,60;;824,37;227,42;2140,36;A
VULCAN MATERIALS CO;011228;VMC;31/12/2017;2017;INDL;C;D;STD;USD;9504,89;459,57;676,64;982,61;1306,53;601,19;3890,30;A
WALMART INC;011259;WMT;31/01/2017;2016;INDL;C;D;STD;USD;198825,00;10619,00;19514,00;29594,00;130978,00;13643,00;482154,00;A
WESTERN DIGITAL CORP;011399;WDC;30/06/2017;2017;INDL;C;D;STD;USD;29860,00;578,00;2375,00;4503,00;8127,00;397,00;19093,00;A
WEYERHAEUSER CO;011456;WY;31/12/2017;2017;INDL;C;D;STD;USD;18059,00;419,00;1487,00;2008,00;2419,00;582,00;7196,00;A
WHIRLPOOL CORP;011465;WHR;31/12/2017;2017;INDL;C;D;STD;USD;20038,00;684,00;1454,00;2108,00;4212,00;350,00;21288,00;A
WILLIAMS COS INC;011506;WMB;31/12/2017;2017;INDL;C;D;STD;USD;46352,00;2399,00;1846,00;3582,00;4146,00;2174,00;8031,00;A
WEC ENERGY GROUP INC;011550;WEC;31/12/2017;2017;INDL;C;D;STD;USD;31590,50;1959,50;1785,20;2583,80;2583,80;1204,90;7648,50;A
XEROX HOLDINGS CORP;011636;XRX;31/12/2017;2017;INDL;C;D;STD;USD;15946,00;69,00;1073,00;1596,00;4673,00;195,00;10265,00;A
TJX COS INC (THE);011672;TJX;31/01/2017;2016;INDL;C;D;STD;USD;12883,81;1024,75;3849,52;4514,02;10282,49;2298,23;33183,74;A
ZIONS BANCORPORATION NA;011687;ZION;31/12/2017;2017;FS;C;D;STD;USD;66288,00;;;;;;;A
ZIONS BANCORPORATION NA;011687;ZION;31/12/2017;2017;INDL;C;D;STD;USD;66288,00;169,00;1136,00;1315,00;2585,00;592,00;2736,00;A
ANADARKO PETROLEUM CORP;011923;APC;31/12/2017;2017;INDL;C;D;STD;USD;42086,00;5031,00;-1589,00;3478,00;6285,00;-456,00;10969,00;I
NOBLE CORP PLC;011925;NE;31/12/2017;2017;INDL;C;D;STD;USD;10794,66;111,14;-36,58;511,41;583,05;-516,51;1213,28;A
BIG LOTS INC;012123;BIG;31/01/2017;2016;INDL;C;D;STD;USD;1607,71;89,78;277,02;397,46;2099,42;152,83;5200,44;A
MORGAN STANLEY;012124;MS;31/12/2017;2017;FS;C;D;STD;USD;851733,00;;;;;;;A
MORGAN STANLEY;012124;MS;31/12/2017;2017;INDL;C;D;STD;USD;851733,00;1629,00;15913,00;17666,00;17666,00;6111,00;43642,00;A
PRICE (T. ROWE) GROUP;012138;TROW;31/12/2017;2017;FS;C;D;STD;USD;7534,70;;;;;;;A
PRICE (T. ROWE) GROUP;012138;TROW;31/12/2017;2017;INDL;C;D;STD;USD;7534,70;186,10;2058,80;2202,40;2202,40;1497,80;4793,00;A
MICROSOFT CORP;012141;MSFT;30/06/2017;2017;INDL;C;D;STD;USD;241086,00;8129,00;22632,00;30432,00;63489,00;21204,00;89950,00;A
ORACLE CORP;012142;ORCL;31/05/2017;2016;INDL;C;D;STD;USD;134991,00;2021,00;13167,00;15618,00;31259,00;9335,00;37728,00;A
HARLEY-DAVIDSON INC;012389;HOG;31/12/2017;2017;INDL;C;D;STD;USD;9972,67;206,29;1071,46;1293,64;2603,53;521,76;5647,22;A
ADOBE INC;012540;ADBE;30/11/2017;2017;INDL;C;D;STD;USD;14535,56;178,12;2168,10;2478,60;6524,95;1693,95;7301,51;A
UNUM GROUP;012726;UNM;31/12/2017;2017;FS;C;D;STD;USD;64013,10;;;;;;;A
UNUM GROUP;012726;UNM;31/12/2017;2017;INDL;C;D;STD;USD;64013,10;105,30;1563,90;1672,10;1672,10;994,20;11286,80;A
CERNER CORP;012850;CERN;31/12/2017;2017;INDL;C;D;STD;USD;6469,31;362,08;960,54;1541,79;4605,61;866,98;5142,27;I
SUNOCO LP;012892;SUN;31/12/2017;2017;INDL;C;D;STD;USD;8344,00;103,00;343,00;512,00;1108,00;149,00;11723,00;A
PROGRESSIVE CORP-OHIO;013341;PGR;31/12/2017;2017;FS;C;D;STD;USD;38701,20;;;;;;;A
PROGRESSIVE CORP-OHIO;013341;PGR;31/12/2017;2017;INDL;C;D;STD;USD;38701,20;155,70;2291,80;2527,90;2527,90;1592,20;26814,90;A
CARNIVAL CORPORATION & PLC;013498;CCL;30/11/2017;2017;INDL;C;D;STD;USD;40778,00;2944,00;2901,00;4747,00;7009,00;2606,00;17510,00;A
CELGENE CORP;013599;CELG;31/12/2017;2017;INDL;C;D;STD;USD;30141,00;279,00;5805,00;6275,00;12683,00;2940,00;13003,00;I
TIFFANY & CO;013646;TIF;31/01/2017;2016;INDL;C;D;STD;USD;5097,60;222,80;759,20;965,10;2696,20;446,10;4001,80;I
DENTSPLY SIRONA INC;013700;XRAY;31/12/2017;2017;INDL;C;D;STD;USD;10374,50;144,30;545,50;861,90;2507,30;-1550,00;3993,40;A
SCHWAB (CHARLES) CORP;013988;SCHW;31/12/2017;2017;FS;C;D;STD;USD;243274,00;;;;;;;A
SCHWAB (CHARLES) CORP;013988;SCHW;31/12/2017;2017;INDL;C;D;STD;USD;243274,00;400,00;3828,00;4097,00;4097,00;2354,00;8960,00;A
FASTENAL CO;014225;FAST;31/12/2017;2017;INDL;C;D;STD;USD;2910,50;119,90;880,80;1008,20;2291,00;578,60;4390,50;A
AMPHENOL CORP;014282;APH;31/12/2017;2017;INDL;C;D;STD;USD;10003,90;226,60;1431,60;1653,20;2531,50;650,50;7011,30;A
PIONEER NATURAL RESOURCES CO;014359;PXD;31/12/2017;2017;INDL;C;D;STD;USD;17003,00;2701,00;301,00;1732,00;2152,00;833,00;5294,00;I
WASTE MANAGEMENT INC;014477;WM;31/12/2017;2017;INDL;C;D;STD;USD;21829,00;1509,00;2631,00;4103,00;5571,00;1949,00;14485,00;A
DELL TECHNOLOGIES INC;014489;DELL;31/01/2017;2016;INDL;C;D;STD;USD;118206,00;699,00;-1764,00;3075,00;15813,00;-1672,00;61642,00;A
FREEPORT-MCMORAN INC;014590;FCX;31/12/2017;2017;INDL;C;D;STD;USD;37302,00;1410,00;3877,00;5974,00;6530,00;1817,00;16403,00;A
CINCINNATI FINANCIAL CORP;014824;CINF;31/12/2017;2017;FS;C;D;STD;USD;21843,00;;;;;;;A
CINCINNATI FINANCIAL CORP;014824;CINF;31/12/2017;2017;INDL;C;D;STD;USD;21843,00;16,00;783,00;811,00;811,00;1045,00;5732,00;A
DEVON ENERGY CORP;014934;DVN;31/12/2017;2017;INDL;C;D;STD;USD;30241,00;2805,00;1008,00;3361,00;4396,00;898,00;13949,00;A
LABCORP HOLDINGS INC;014960;LH;31/12/2017;2017;INDL;C;D;STD;USD;16568,00;312,90;1546,50;2069,80;3770,80;1268,20;10441,40;A
VALERO ENERGY CORP;015247;VLO;31/12/2017;2017;INDL;C;D;STD;USD;50158,00;1451,00;3660,00;4960,00;5795,00;4065,00;88407,00;A
STAPLES INC;015521;SPLS;31/01/2017;2016;INDL;C;D;STD;USD;8271,00;255,00;856,00;1285,00;5140,00;-1497,00;18247,00;I
PEOPLE'S UNITED FINL INC;016245;PBCT;31/12/2017;2017;FS;C;D;STD;USD;44453,40;;;;;;;I
PEOPLE'S UNITED FINL INC;016245;PBCT;31/12/2017;2017;INDL;C;D;STD;USD;44453,40;29,00;682,30;751,40;1425,00;337,20;1652,90;I
EOG RESOURCES INC;016478;EOG;31/12/2017;2017;INDL;C;D;STD;USD;29833,08;4124,24;987,89;4608,52;8523,17;2582,58;11225,81;A
ELECTRONIC ARTS INC;016721;EA;31/03/2017;2016;INDL;C;D;STD;USD;7718,00;123,00;1224,00;1388,00;3705,00;967,00;4845,00;A
NEWS CORP;018043;NWSA;30/06/2017;2017;INDL;C;D;STD;USD;14552,00;256,00;452,00;901,00;3610,00;-738,00;8139,00;A
GANNETT CO INC;019574;GCI;31/12/2017;2017;INDL;C;D;STD;USD;1283,55;11,09;79,86;151,83;599,18;-0,92;1342,00;A
SLM CORP;020430;SLM;31/12/2017;2017;FS;C;D;STD;USD;21779,58;;;;;;;A
SLM CORP;020430;SLM;31/12/2017;2017;INDL;C;D;STD;USD;21779,58;0,00;607,65;619,29;619,29;288,93;1466,20;A
CISCO SYSTEMS INC;020779;CSCO;31/07/2017;2017;INDL;C;D;STD;USD;129818,00;964,00;12739,00;14692,00;31918,00;9609,00;48005,00;A
XILINX INC;022325;XLNX;31/03/2017;2016;INDL;C;D;STD;USD;4740,53;72,05;699,39;749,94;1686,54;622,51;2349,33;I
AUTOZONE INC;023809;AZO;31/08/2017;2017;INDL;C;D;STD;USD;9259,78;553,83;2080,07;2403,12;6062,67;1280,87;10888,68;A
UNITED STATES STEEL CORP;023978;X;31/12/2017;2017;INDL;C;D;STD;USD;9862,00;505,00;510,00;1011,00;1386,00;387,00;12250,00;A
AES CORP (THE);024216;AES;31/12/2017;2017;INDL;C;D;STD;USD;33112,00;2177,00;2280,00;3319,00;3525,00;-1161,00;10530,00;A
MONSTER BEVERAGE CORP;024316;MNST;31/12/2017;2017;INDL;C;D;STD;USD;4791,01;83,44;1198,20;1247,09;2185,99;820,68;3368,46;A
BIOGEN INC;024468;BIIB;31/12/2017;2017;INDL;C;D;STD;USD;23652,60;867,40;5709,00;6638,80;10809,40;2539,10;12273,90;A
KIMCO REALTY CORP;024731;KIM;31/12/2017;2017;FS;C;D;STD;USD;11763,73;;;;;;;A
KIMCO REALTY CORP;024731;KIM;31/12/2017;2017;INDL;C;D;STD;USD;11763,73;0,00;468,05;;592,14;426,08;1331,41;A
PERRIGO CO PLC;024782;PRGO;31/12/2017;2017;INDL;C;D;STD;USD;11628,80;88,60;656,30;1101,10;2424,30;119,60;4946,20;A
QUALCOMM INC;024800;QCOM;30/09/2017;2017;INDL;C;D;STD;USD;65486,00;690,00;5326,00;6787,00;14900,00;2466,00;23231,00;A
GILEAD SCIENCES INC;024856;GILD;31/12/2017;2017;INDL;C;D;STD;USD;70283,00;590,00;14448,00;15593,00;22881,00;4628,00;26107,00;A
ROPER TECHNOLOGIES INC;024925;ROP;31/12/2017;2017;INDL;C;D;STD;USD;14316,41;48,75;1210,24;1553,76;3208,31;971,77;4607,47;A
TIME WARNER INC;025056;TWX;31/12/2017;2017;INDL;C;D;STD;USD;69209,00;656,00;8285,00;8979,00;14132,00;5247,00;31271,00;I
BOSTON SCIENTIFIC CORP;025279;BSX;31/12/2017;2017;INDL;C;D;STD;USD;19042,00;319,00;1693,00;2530,00;6734,00;104,00;9048,00;A
KOHL'S CORP;025283;KSS;31/01/2017;2016;INDL;C;D;STD;USD;13574,00;768,00;1223,00;2161,00;6742,00;556,00;18686,00;A
D R HORTON INC;025340;DHI;30/09/2017;2017;INDL;C;D;STD;USD;12184,60;157,30;1591,10;1640,50;3112,10;1038,40;14105,50;A
EXPRESS SCRIPTS HOLDING CO;025356;ESRX;31/12/2017;2017;INDL;C;D;STD;USD;54255,80;267,40;5628,70;7208,10;8896,40;4517,40;100064,60;I
STARBUCKS CORP;025434;SBUX;30/09/2017;2017;INDL;C;D;STD;USD;14365,60;1519,40;3908,10;4919,50;6312,80;2884,70;22386,80;A
PATTERSON COS INC;025880;PDCO;30/04/2017;2016;INDL;C;D;STD;USD;3507,91;47,02;325,90;365,90;1341,40;170,89;5593,13;A
ALCOA CORP;027638;AA;31/12/2017;2017;INDL;C;D;STD;USD;17447,00;405,00;1569,00;2319,00;2635,00;217,00;11652,00;A
CHESAPEAKE ENERGY CORP;027786;CHK;31/12/2017;2017;INDL;C;D;STD;USD;12425,00;2492,00;1519,00;2514,00;2776,00;949,00;9496,00;A
ALLERGAN PLC;027845;AGN;31/12/2017;2017;INDL;C;D;STD;USD;118341,90;349,90;-61,50;7307,10;13957,30;-4125,50;15940,70;I
HUMANA INC;027914;HUM;31/12/2017;2017;FS;C;D;STD;USD;27178,00;;;;;;;A
HUMANA INC;027914;HUM;31/12/2017;2017;INDL;C;D;STD;USD;27178,00;526,00;3493,00;3978,00;10343,00;2448,00;53732,00;A
INTUIT INC;027928;INTU;31/07/2017;2017;INDL;C;D;STD;USD;4068,00;230,00;1395,00;1631,00;4602,00;971,00;5177,00;A
MICROCHIP TECHNOLOGY INC;027965;MCHP;31/03/2017;2016;INDL;C;D;STD;USD;7686,88;75,31;592,14;1061,35;2078,51;164,64;3407,81;A
CHUBB LTD;028034;CB;31/12/2017;2017;FS;C;D;STD;USD;167022,00;;;;;;;A
CHUBB LTD;028034;CB;31/12/2017;2017;INDL;C;D;STD;USD;167022,00;0,00;4168,00;;4168,00;3861,00;32207,00;A
FOSSIL GROUP INC;028118;FOSL;31/12/2017;2017;INDL;C;D;STD;USD;1658,37;25,52;31,02;112,00;1439,81;-478,17;2788,16;A
O'REILLY AUTOMOTIVE INC;028180;ORLY;31/12/2017;2017;INDL;C;D;STD;USD;7571,89;465,94;1716,30;1951,65;4956,03;1133,80;8977,73;A
JABIL INC;028195;JBL;31/08/2017;2017;INDL;C;D;STD;USD;11096,00;716,49;572,74;1333,12;2270,50;129,09;19063,12;A
ALLSTATE CORP;028349;ALL;31/12/2017;2017;FS;C;D;STD;USD;112422,00;;;;;;;A
ALLSTATE CORP;028349;ALL;31/12/2017;2017;INDL;C;D;STD;USD;112422,00;299,00;3972,00;4367,00;4367,00;3189,00;37834,00;A
FLIR SYSTEMS INC;028477;FLIR;31/12/2017;2017;INDL;C;D;STD;USD;2810,03;42,11;336,09;405,89;934,96;107,22;1800,43;I
EQUITY RESIDENTIAL;028733;EQR;31/12/2017;2017;FS;C;D;STD;USD;20570,60;;;;;;;A
EQUITY RESIDENTIAL;028733;EQR;31/12/2017;2017;INDL;C;D;STD;USD;20570,60;1,51;850,24;;902,46;603,45;2474,17;A
BORGWARNER INC;028742;BWA;31/12/2017;2017;INDL;C;D;STD;USD;9787,60;560,00;1221,60;1629,40;2527,90;439,90;9799,30;A
MARRIOTT INTL INC;028930;MAR;31/12/2017;2017;INDL;C;D;STD;USD;23948,00;240,00;2521,00;2936,00;2936,00;1372,00;22891,00;A
COSTCO WHOLESALE CORP;029028;COST;31/08/2017;2017;INDL;C;D;STD;USD;36347,00;2502,00;4060,00;5430,00;18462,00;2679,00;129025,00;A
URBAN OUTFITTERS INC;029150;URBN;31/01/2017;2016;INDL;C;D;STD;USD;1902,64;143,71;338,53;471,66;1377,74;218,12;3545,79;A
OVINTIV EXPLORATION INC;029173;NFX;31/12/2017;2017;INDL;C;D;STD;USD;4961,00;1289,00;517,00;984,00;1182,00;427,00;1767,00;I
SIMON PROPERTY GROUP INC;029389;SPG;31/12/2017;2017;FS;C;D;STD;USD;32257,64;;;;;;;A
SIMON PROPERTY GROUP INC;029389;SPG;31/12/2017;2017;INDL;C;D;STD;USD;32257,64;0,00;3202,61;;3551,90;1947,96;5938,91;A
EASTMAN CHEMICAL CO;029392;EMN;31/12/2017;2017;INDL;C;D;STD;USD;15999,00;649,00;1652,00;2236,00;3150,00;1384,00;9549,00;A
INVESCO LTD;029804;IVZ;31/12/2017;2017;FS;C;D;STD;USD;31668,80;;;;;;;A
INVESCO LTD;029804;IVZ;31/12/2017;2017;INDL;C;D;STD;USD;31668,80;111,70;1382,70;1499,50;1499,50;1127,30;5160,30;A
AVALONBAY COMMUNITIES INC;029875;AVB;31/12/2017;2017;FS;C;D;STD;USD;18414,82;;;;;;;A
AVALONBAY COMMUNITIES INC;029875;AVB;31/12/2017;2017;INDL;C;D;STD;USD;18414,82;8,81;853,65;;907,06;876,92;2225,88;A
PROLOGIS INC;029984;PLD;31/12/2017;2017;FS;C;D;STD;USD;29481,08;;;;;;;A
PROLOGIS INC;029984;PLD;31/12/2017;2017;INDL;C;D;STD;USD;29481,08;0,00;1033,36;;1264,42;1652,33;2880,43;A
INGERSOLL RAND INC;030098;IR;31/12/2017;2017;INDL;C;D;STD;USD;4621,20;56,80;150,40;324,20;944,50;18,40;2375,40;A
APARTMENT INVST & MGMT CO;030490;AIV;31/12/2017;2017;FS;C;D;STD;USD;6079,04;;;;;;;A
APARTMENT INVST & MGMT CO;030490;AIV;31/12/2017;2017;INDL;C;D;STD;USD;6079,04;0,00;202,32;;257,33;315,77;1013,77;A
TECHNIPFMC PLC;030923;FTI;31/12/2017;2017;INDL;C;D;STD;USD;28263,70;255,70;1258,50;1873,20;3147,00;113,30;15056,90;A
CAPITAL ONE FINANCIAL CORP;030990;COF;31/12/2017;2017;FS;C;D;STD;USD;365693,00;;;;;;;A
CAPITAL ONE FINANCIAL CORP;030990;COF;31/12/2017;2017;INDL;C;D;STD;USD;365693,00;1018,00;7083,00;7990,00;7990,00;1982,00;30089,00;A
DOLLAR TREE INC;031587;DLTR;31/01/2017;2016;INDL;C;D;STD;USD;15701,60;564,70;1704,80;2342,30;7032,20;896,20;20719,20;A
DARDEN RESTAURANTS INC;031846;DRI;31/05/2017;2016;INDL;C;D;STD;USD;5504,20;293,00;705,30;980,00;1571,20;479,10;7170,20;A
ALTAIR ENGINEERING INC;032530;ALTR;31/12/2017;2017;INDL;C;D;STD;USD;287,87;7,52;-35,26;-23,51;237,66;-99,41;337,95;A
SEA LIMITED;032546;SE;31/12/2017;2017;INDL;C;D;STD;USD;1988,28;67,36;-502,36;-461,43;120,79;-560,49;417,69;A
DOW INC;034443;DOW;31/12/2017;2017;INDL;C;D;STD;USD;79940,00;3331,00;5999,00;9044,00;13621,00;466,00;55508,00;A
BEAM THERAPEUTICS INC;035714;BEAM;31/12/2017;2017;INDL;C;D;STD;USD;2,40;0,35;-7,88;-7,87;0,00;-8,00;0,00;A
LIFE STORAGE INC;060914;LSI;31/12/2017;2017;FS;C;D;STD;USD;3876,77;;;;;;;I
LIFE STORAGE INC;060914;LSI;31/12/2017;2017;INDL;C;D;STD;USD;3876,77;0,00;181,60;;224,71;96,37;533,07;I
DIAMOND OFFSHRE DRILLING INC;061409;DO;31/12/2017;2017;INDL;C;D;STD;USD;6250,57;139,58;226,84;575,53;650,04;18,35;1485,75;A
DAVITA INC;061483;DVA;31/12/2017;2017;INDL;C;D;STD;USD;18948,19;905,25;1633,38;2193,29;3236,63;663,62;10876,63;A
ESTEE LAUDER COMPANIES INC;061567;EL;30/06/2017;2017;INDL;C;D;STD;USD;11568,00;504,00;1889,00;2352,00;9867,00;1249,00;11826,00;A
WATERS CORP;061574;WAT;31/12/2017;2017;INDL;C;D;STD;USD;5324,35;85,47;698,20;804,20;1461,27;20,31;2309,08;A
NETAPP INC;061591;NTAP;30/04/2017;2016;INDL;C;D;STD;USD;9493,00;175,00;707,00;933,00;3597,00;509,00;5519,00;A
CITRIX SYSTEMS INC;061676;CTXS;31/12/2017;2017;INDL;C;D;STD;USD;5820,18;80,90;662,03;814,00;2537,87;-20,72;2824,69;I
HARTFORD FINANCIAL SERVICES;061739;HIG;31/12/2017;2017;FS;C;D;STD;USD;225260,00;;;;;;;A
HARTFORD FINANCIAL SERVICES;061739;HIG;31/12/2017;2017;INDL;C;D;STD;USD;225260,00;250,00;1636,00;1847,00;1847,00;-3131,00;16804,00;A
ALEXION PHARMACEUTICALS INC;062263;ALXN;31/12/2017;2017;INDL;C;D;STD;USD;13583,30;357,30;988,50;1404,40;3350,00;443,30;3551,10;I
IRON MOUNTAIN INC;062374;IRM;31/12/2017;2017;INDL;C;D;STD;USD;10972,40;343,13;738,32;1262,23;2182,29;183,82;3845,58;A
TRAVELERS COS INC;062689;TRV;31/12/2017;2017;FS;C;D;STD;USD;103483,00;;;;;;;A
TRAVELERS COS INC;062689;TRV;31/12/2017;2017;INDL;C;D;STD;USD;103483,00;0,00;2702,00;3515,00;6872,00;2056,00;28505,00;A
E TRADE FINANCIAL CORP;063501;ETFC;31/12/2017;2017;FS;C;D;STD;USD;63365,00;;;;;;;I
E TRADE FINANCIAL CORP;063501;ETFC;31/12/2017;2017;INDL;C;D;STD;USD;63365,00;102,00;1225,00;1343,00;1343,00;614,00;2450,00;I
STERICYCLE INC;063527;SRCL;31/12/2017;2017;INDL;C;D;STD;USD;6988,30;143,00;495,50;745,00;1569,60;42,40;3580,70;A
ABERCROMBIE & FITCH  -CL A;063643;ANF;31/01/2017;2016;INDL;C;D;STD;USD;2295,76;140,84;-17,02;178,39;2223,98;3,96;3326,74;A
NOV INC;063892;NOV;31/12/2017;2017;INDL;C;D;STD;USD;20206,00;192,00;-87,00;611,00;1780,00;-237,00;7304,00;A
QUEST DIAGNOSTICS INC;064166;DGX;31/12/2017;2017;INDL;C;D;STD;USD;10503,00;252,00;1281,00;1551,00;3236,00;772,00;7709,00;A
CARMAX INC;064410;KMX;28/02/2017;2016;INDL;C;D;STD;USD;16279,36;418,14;1074,67;1215,37;2692,98;626,97;16637,10;A
AMAZON.COM INC;064768;AMZN;31/12/2017;2017;INDL;C;D;STD;USD;131310,00;11955,00;3954,00;13151,00;74763,00;3033,00;177866,00;A
RALPH LAUREN CORP;064891;RL;31/03/2017;2016;INDL;C;D;STD;USD;5652,00;284,00;675,50;983,00;3849,00;-99,30;6652,80;A
BOSTON PROPERTIES INC;064925;BXP;31/12/2017;2017;FS;C;D;STD;USD;19372,23;;;;;;;A
BOSTON PROPERTIES INC;064925;BXP;31/12/2017;2017;INDL;C;D;STD;USD;19372,23;0,00;928,80;;1043,19;462,44;2622,77;A
YUM BRANDS INC;065417;YUM;31/12/2017;2017;INDL;C;D;STD;USD;5311,00;318,00;2833,00;3081,00;3172,00;1340,00;5878,00;A
C H ROBINSON WORLDWIDE INC;065609;CHRW;31/12/2017;2017;INDL;C;D;STD;USD;4235,83;40,12;775,12;868,10;2461,03;504,89;14869,38;A
VERISIGN INC;066368;VRSN;31/12/2017;2017;INDL;C;D;STD;USD;2941,19;49,50;707,72;757,60;1021,65;457,25;1165,10;A
QUANTA SERVICES INC;066446;PWR;31/12/2017;2017;INDL;C;D;STD;USD;6480,15;244,65;450,81;666,82;1425,67;314,98;9466,48;A
AMERICAN TOWER CORP;105365;AMT;31/12/2017;2017;INDL;C;D;STD;USD;33214,30;803,60;2014,00;3729,90;4366,90;1238,90;6663,90;A
VENTAS INC;110179;VTR;31/12/2017;2017;FS;C;D;STD;USD;23954,54;;;;;;;A
VENTAS INC;110179;VTR;31/12/2017;2017;INDL;C;D;STD;USD;23954,54;0,00;1063,69;;1199,18;1356,47;3573,59;A
COGNIZANT TECH SOLUTIONS;111864;CTSH;31/12/2017;2017;INDL;C;D;STD;USD;15221,00;284,00;2589,00;2997,00;5658,00;1504,00;14810,00;A
REPUBLIC SERVICES INC;112168;RSG;31/12/2017;2017;INDL;C;D;STD;USD;21147,00;989,80;1632,40;2769,50;3826,90;1278,40;10041,50;A
CROWN CASTLE INC;113490;CCI;31/12/2017;2017;INDL;C;D;STD;USD;32229,57;1228,07;1122,80;2383,58;2810,28;444,55;4355,61;A
EBAY INC;114524;EBAY;31/12/2017;2017;INDL;C;D;STD;USD;25981,00;666,00;2265,00;2941,00;7983,00;-1016,00;9567,00;A
GOLDMAN SACHS GROUP INC;114628;GS;31/12/2017;2017;FS;C;D;STD;USD;916776,00;;;;;;;A
GOLDMAN SACHS GROUP INC;114628;GS;31/12/2017;2017;INDL;C;D;STD;USD;916776,00;3185,00;19933,00;21085,00;21085,00;4286,00;42911,00;A
NVIDIA CORP;117768;NVDA;31/01/2017;2016;INDL;C;D;STD;USD;9841,00;176,00;1953,00;2139,00;4259,00;1666,00;6910,00;A
CNX RESOURCES CORPORATION;120093;CNX;31/12/2017;2017;INDL;C;D;STD;USD;6931,91;632,85;46,73;458,77;458,77;380,75;1414,95;A
F5 INC;121077;FFIV;30/09/2017;2017;INDL;C;D;STD;USD;2480,80;38,68;577,07;633,94;1790,53;420,76;2090,04;A
JUNIPER NETWORKS INC;121718;JNPR;31/12/2017;2017;INDL;C;D;STD;USD;9833,80;151,20;935,10;1155,40;3294,10;306,20;5027,20;A
RED HAT INC;122841;RHT;28/02/2017;2016;INDL;C;D;STD;USD;4535,19;69,12;334,03;419,34;2128,44;253,70;2411,80;I
BLACKROCK INC;124434;BLK;31/12/2017;2017;FS;C;D;STD;USD;220217,00;;;;;;;A
BLACKROCK INC;124434;BLK;31/12/2017;2017;INDL;C;D;STD;USD;220217,00;155,00;5294,00;5515,00;5515,00;4970,00;12491,00;A
AKAMAI TECHNOLOGIES INC;125595;AKAM;31/12/2017;2017;INDL;C;D;STD;USD;4602,84;414,78;378,08;750,39;1892,52;218,32;2503,00;A
EXPEDIA GROUP INC;126296;EXPE;31/12/2017;2017;INDL;C;D;STD;USD;18515,63;710,33;667,29;1556,83;8402,80;377,96;10059,84;A
AGILENT TECHNOLOGIES INC;126554;A;31/10/2017;2017;INDL;C;D;STD;USD;8426,00;176,00;881,00;1095,00;2629,00;684,00;4472,00;A
EDWARDS LIFESCIENCES CORP;133366;EW;31/12/2017;2017;INDL;C;D;STD;USD;5695,80;168,10;1097,00;1178,90;2641,90;583,60;3435,30;A
METLIFE INC;133768;MET;31/12/2017;2017;FS;C;D;STD;USD;719892,00;;;;;;;A
METLIFE INC;133768;MET;31/12/2017;2017;INDL;C;D;STD;USD;719892,00;0,00;4981,00;5804,00;10919,00;4010,00;62412,00;A
NRG ENERGY INC;135990;NRG;31/12/2017;2017;INDL;C;D;STD;USD;23318,00;1111,00;1257,00;2313,00;2313,00;-2153,00;10629,00;A
INTUITIVE SURGICAL INC;136725;ISRG;31/12/2017;2017;INDL;C;D;STD;USD;5758,00;190,70;1079,90;1174,90;2296,90;660,00;3128,90;A
MOODY'S CORP;139665;MCO;31/12/2017;2017;INDL;C;D;STD;USD;8594,20;90,60;1831,60;1989,90;2981,30;1000,60;4204,10;A
PEABODY ENERGY CORP;142460;BTU;31/12/2017;2017;INDL;C;D;STD;USD;8181,20;199,40;648,80;1346,10;1488,70;466,50;5550,80;A
PRUDENTIAL FINANCIAL INC;143356;PRU;31/12/2017;2017;FS;C;D;STD;USD;831921,00;;;;;;;A
PRUDENTIAL FINANCIAL INC;143356;PRU;31/12/2017;2017;INDL;C;D;STD;USD;831921,00;0,00;7844,00;8066,00;18440,00;7863,00;59727,00;A
ACCENTURE PLC;143357;ACN;31/08/2017;2017;INDL;C;D;STD;USD;22689,89;515,92;5142,40;5654,64;11542,73;3445,15;36765,48;A
ROCKWELL COLLINS;144066;COL;30/09/2017;2017;INDL;C;D;STD;USD;17997,00;240,00;1296,00;1626,00;2685,00;705,00;6822,00;I
GAMESTOP CORP;145049;GME;31/01/2017;2016;INDL;C;D;STD;USD;4975,90;142,70;572,10;738,80;3010,80;353,20;8607,90;A
PRINCIPAL FINANCIAL GRP INC;145701;PFG;31/12/2017;2017;FS;C;D;STD;USD;253941,20;;;;;;;A
PRINCIPAL FINANCIAL GRP INC;145701;PFG;31/12/2017;2017;INDL;C;D;STD;USD;253941,20;164,80;2168,10;2363,80;2363,80;2310,40;13860,50;A
NETFLIX INC;147579;NFLX;31/12/2017;2017;INDL;C;D;STD;USD;19012,74;173,30;838,68;910,59;4104,96;558,93;11692,71;A
CME GROUP INC;149070;CME;31/12/2017;2017;FS;C;D;STD;USD;75791,20;;;;;;;A
CME GROUP INC;149070;CME;31/12/2017;2017;INDL;C;D;STD;USD;75791,20;81,90;2312,00;2520,50;2520,50;4063,40;3644,70;A
WYNN RESORTS LTD;149318;WYNN;31/12/2017;2017;INDL;C;D;STD;USD;12681,74;935,47;1055,57;1607,93;2342,98;747,18;6306,37;A
NASDAQ INC;149337;NDAQ;31/12/2017;2017;FS;C;D;STD;USD;15786,00;;;;;;;A
NASDAQ INC;149337;NDAQ;31/12/2017;2017;INDL;C;D;STD;USD;15786,00;144,00;1053,00;1241,00;1241,00;734,00;3965,00;A
SEAGATE TECHNOLOGY HOLDINGS;150937;STX;30/06/2017;2017;INDL;C;D;STD;USD;9268,00;434,00;1232,00;1981,00;3819,00;772,00;10771,00;A
QEP RESOURCES INC;154357;QEP;31/12/2017;2017;INDL;C;D;STD;USD;7394,80;1974,80;-106,70;676,80;852,30;269,30;1622,90;I
ASSURANT INC;157057;AIZ;31/12/2017;2017;FS;C;D;STD;USD;31843,00;;;;;;;A
ASSURANT INC;157057;AIZ;31/12/2017;2017;INDL;C;D;STD;USD;31843,00;62,10;514,20;628,90;628,90;519,60;6415,00;A
SALESFORCE INC;157855;CRM;31/01/2017;2016;INDL;C;D;STD;USD;17584,92;463,96;77,24;708,91;6689,52;179,63;8391,98;A
GENWORTH FINANCIAL INC;158354;GNW;31/12/2017;2017;FS;C;D;STD;USD;105297,00;;;;;;;A
GENWORTH FINANCIAL INC;158354;GNW;31/12/2017;2017;INDL;C;D;STD;USD;105297,00;0,00;1015,00;1108,00;1108,00;817,00;8295,00;A
MASTERCARD INC;160225;MA;31/12/2017;2017;FS;C;D;STD;USD;21329,00;;;;;;;A
MASTERCARD INC;160225;MA;31/12/2017;2017;INDL;C;D;STD;USD;21329,00;300,00;6804,00;7240,00;7240,00;3915,00;12497,00;A
MOSAIC CO;162129;MOS;31/12/2017;2017;INDL;C;D;STD;USD;18633,40;820,10;500,60;1185,70;1540,90;-107,20;7409,40;A
INTERCONTINENTAL EXCHANGE;163610;ICE;31/12/2017;2017;FS;C;D;STD;USD;78264,00;;;;;;;A
INTERCONTINENTAL EXCHANGE;163610;ICE;31/12/2017;2017;INDL;C;D;STD;USD;78264,00;357,00;2435,00;2964,00;3623,00;2514,00;5834,00;A
CF INDUSTRIES HOLDINGS INC;163946;CF;31/12/2017;2017;INDL;C;D;STD;USD;13463,00;473,00;220,00;1077,00;1287,00;358,00;4130,00;A
AMERIPRISE FINANCIAL INC;164708;AMP;31/12/2017;2017;FS;C;D;STD;USD;147470,00;;;;;;;A
AMERIPRISE FINANCIAL INC;164708;AMP;31/12/2017;2017;INDL;C;D;STD;USD;147470,00;162,00;2515,00;2683,00;5691,00;1480,00;12126,00;A
VIACOM INC;165675;VIAB;30/09/2017;2017;INDL;C;D;STD;USD;23698,00;195,00;2802,00;3025,00;6030,00;1874,00;13263,00;I
CHIPOTLE MEXICAN GRILL INC;165914;CMG;31/12/2017;2017;INDL;C;D;STD;USD;2045,69;216,78;314,14;477,49;756,22;176,25;4476,41;A
FIDELITY NATIONAL INFO SVCS;165993;FIS;31/12/2017;2017;INDL;C;D;STD;USD;24517,00;145,00;1672,00;2967,00;4237,00;1319,00;9123,00;A
PHILLIPS 66;170841;PSX;31/12/2017;2017;INDL;C;D;STD;USD;54371,00;1832,00;2042,00;3382,00;4994,00;5106,00;89300,00;A
WESTERN UNION CO;175263;WU;31/12/2017;2017;FS;C;D;STD;USD;9231,40;;;;;;;A
WESTERN UNION CO;175263;WU;31/12/2017;2017;INDL;C;D;STD;USD;9231,40;69,10;1099,80;1362,70;2467,50;-557,10;5524,30;A
FIRST SOLAR INC;175404;FSLR;31/12/2017;2017;INDL;C;D;STD;USD;6864,50;514,36;215,03;334,53;668,45;-165,62;2941,32;A
TE CONNECTIVITY LTD;177267;TEL;30/09/2017;2017;INDL;C;D;STD;USD;19403,00;702,00;2201,00;2836,00;5085,00;1683,00;13113,00;A
DISCOVER FINANCIAL SVCS;177376;DFS;31/12/2017;2017;FS;C;D;STD;USD;100087,00;;;;;;;A
DISCOVER FINANCIAL SVCS;177376;DFS;31/12/2017;2017;INDL;C;D;STD;USD;100087,00;218,00;4355,00;4485,00;4485,00;2099,00;11545,00;A
TERADATA CORP;178310;TDC;31/12/2017;2017;INDL;C;D;STD;USD;2556,00;78,00;102,00;240,00;1161,00;-67,00;2156,00;A
VISA INC;179534;V;30/09/2017;2017;FS;C;D;STD;USD;67977,00;;;;;;;A
VISA INC;179534;V;30/09/2017;2017;INDL;C;D;STD;USD;67977,00;707,00;12355,00;12911,00;12911,00;6699,00;18358,00;A
PHILIP MORRIS INTERNATIONAL;179621;PM;31/12/2017;2017;INDL;C;D;STD;USD;42968,00;1548,00;11503,00;12378,00;19103,00;6035,00;28748,00;A
DR PEPPER SNAPPLE GROUP INC;179700;DPS;31/12/2017;2017;INDL;C;D;STD;USD;10022,00;202,00;1360,00;1565,00;4098,00;1076,00;6690,00;I
SCRIPPS NETWORKS INTERACTIVE;180167;SNI;31/12/2017;2017;INDL;C;D;STD;USD;6521,68;75,64;1304,19;1456,05;2308,24;623,94;3561,81;I
MARATHON PETROLEUM CORP;186989;MPC;31/12/2017;2017;INDL;C;D;STD;USD;49047,00;2732,00;3362,00;5476,00;7190,00;3432,00;66974,00;A
WPX ENERGY INC;187128;WPX;31/12/2017;2017;INDL;C;D;STD;USD;8207,00;1161,00;-113,00;660,00;837,00;-16,00;1336,00;I
XYLEM INC;189491;XYL;31/12/2017;2017;INDL;C;D;STD;USD;6860,00;170,00;630,00;864,00;2085,00;331,00;4707,00;A
TRIPADVISOR INC;199356;TRIP;31/12/2017;2017;INDL;C;D;STD;USD;2272,00;64,00;124,00;235,00;1484,00;-19,00;1556,00;A
INTL GAME TECHNOLOGY PLC;245918;IGT;31/12/2017;2017;INDL;C;D;STD;USD;15159,21;698,01;675,06;1477,65;2609,03;-1068,58;4938,96;A
PIEDMONT LITHIUM INC;253501;PLL;30/06/2017;2017;INDL;C;D;STD;USD;3,74;0,19;-2,72;-2,72;-0,04;-2,69;0,00;A
