Global Company Key;Historical CRSP PERMNO Link to COMPUSTAT Record;CUSIP;BoardName;Ticker;AnnualReportDate;Number of Members;Number of Independence;Number of Expertise;% of Independence;% of Expertise;Fiscal year end;Fiscal quarter end;Date;Book/Market;Return on Assets;Return on Equity;Return on Capital Employed;Total Debt/Total Assets;Total Debt/Equity
7435;22592;88579Y10;3M CO (Minnesota Mining & Manufacturing Co prior to 02/2002);MMM;01/12/2017;5;5;4;100,00%;80,00%;31/12/2017;31/12/2017;28/02/2018;0,08;0,25;0,44;0,31;0,69;2,28
1078;20482;00282410;ABBOTT LABORATORIES;ABT;01/12/2017;5;3;1;60,00%;20,00%;31/12/2017;31/12/2017;28/02/2018;0,33;0,11;0,01;0,08;0,59;1,46
1177;88845;00817Y10;AETNA INC (Aetna US Healthcare Inc prior to 12/2000) (De-listed 11/2018);AET;01/12/2017;5;3;4;60,00%;80,00%;31/12/2017;31/12/2017;28/02/2018;0,26;0,09;0,11;0,16;0,71;2,52
125595;87299;00971T10;AKAMAI TECHNOLOGIES INC;AKAM;01/12/2017;7;6;1;85,71%;14,29%;31/12/2017;31/12/2017;28/02/2018;0,3;0,17;0,07;0,1;0,28;0,39
27638;16347;01387210;ALCOA CORP;AA;01/12/2017;5;5;5;100,00%;100,00%;31/12/2017;31/12/2017;28/02/2018;0,48;0,14;0,04;0,24;0,61;2,35
28349;79323;02000210;ALLSTATE CORP;ALL;01/12/2017;4;4;3;100,00%;75,00%;31/12/2017;31/12/2017;28/02/2018;0,58;0,04;0,16;0,15;0,8;3,97
160329;90319;02079K30;ALPHABET INC (Google Inc prior to 10/2015);GOOGL;01/12/2017;3;2;1;66,67%;33,33%;31/12/2017;31/12/2017;28/02/2018;0,21;0,2;0,09;0,19;0,23;0,29
32530;17034;02136910;ALTAIR ENGINEERING INC;ALTR;01/12/2017;4;4;2;100,00%;50,00%;31/12/2017;31/12/2017;28/02/2018;0,04;-0,09;;-0,63;0,78;3,57
8543;13901;02209S10;ALTRIA GROUP INC (Philip Morris Cos prior to 01/2003);MO;01/12/2017;6;5;2;83,33%;33,33%;31/12/2017;31/12/2017;28/02/2018;0,15;0,22;0,49;0,35;0,64;1,81
64768;84788;02313510;AMAZON.COM INC;AMZN;01/12/2017;3;3;3;100,00%;100,00%;31/12/2017;31/12/2017;28/02/2018;0,05;0,12;0,13;0,07;0,79;3,74
1440;24109;02553710;AMERICAN ELECTRIC POWER CO INC;AEP;01/12/2017;7;7;7;100,00%;100,00%;31/12/2017;31/12/2017;28/02/2018;0,7;0,08;0,07;0,08;0,72;2,54
1487;66800;02687478;AMERICAN INTERNATIONAL GROUP INC (AIG);AIG;01/12/2017;7;7;5;100,00%;71,43%;31/12/2017;31/12/2017;28/02/2018;1,22;0,01;-0,09;0,02;0,87;6,64
164708;90880;03076C10;AMERIPRISE FINANCIAL INC;AMP;01/12/2017;3;3;2;100,00%;66,67%;31/12/2017;31/12/2017;28/02/2018;0,24;0,02;0,24;0,22;0,96;23,59
1602;14008;03116210;AMGEN INC;AMGN;01/12/2017;10;7;5;70,00%;50,00%;31/12/2017;31/12/2017;28/02/2018;0,21;0,16;0,07;0,17;0,68;2,17
14282;84769;03209510;AMPHENOL CORP;APH;01/12/2017;4;3;2;75,00%;50,00%;31/12/2017;31/12/2017;28/02/2018;0,16;0,18;0,16;0,2;0,6;1,49
11923;70332;03251110;ANADARKO PETROLEUM CORP (De-listed 08/2019);APC;01/12/2017;5;5;1;100,00%;20,00%;31/12/2017;31/12/2017;28/02/2018;0,45;0,08;-0,03;-0,06;0,67;2,65
10466;37284;03349M10;ANDEAVOR (Tesoro Corp prior to 08/2017) (De-listed 10/2018);ANDV;01/12/2017;6;6;5;100,00%;83,33%;31/12/2017;31/12/2017;28/02/2018;0,65;0,1;0,17;0,12;0,53;1,54
1678;39490;03741110;APA CORP (Apache Corp prior to 03/2021);APA;01/12/2017;5;3;5;60,00%;100,00%;31/12/2017;31/12/2017;28/02/2018;0,49;0,15;0,16;0,04;0,6;1,77
1722;10516;03948310;ARCHER-DANIELS-MIDLAND CO;ADM;01/12/2017;5;5;1;100,00%;20,00%;31/12/2017;31/12/2017;28/02/2018;0,87;0,06;0,08;0,06;0,54;1,18
9063;76282;05329W10;ARENA MINERALS INC (Antofagasta Gold Inc prior to 12/2013) (De-listed 04/2023);AN;01/12/2017;4;3;0;75,00%;0,00%;31/12/2017;31/12/2017;28/02/2018;0,52;0,09;0,18;0,09;0,77;3,34
157057;90038;04621X10;ASSURANT INC;AIZ;01/12/2017;5;4;5;80,00%;100,00%;31/12/2017;31/12/2017;28/02/2018;0,81;0,02;0,12;0,09;0,87;6,45
9899;66093;00206R10;AT&T INC (SBC Communications Inc prior to 11/2005);T;01/12/2017;4;4;2;100,00%;50,00%;31/12/2017;31/12/2017;28/02/2018;0,77;0,12;0,16;0,09;0,68;2,14
10405;43123;01741R10;ATI INC (Allegheny Technologies Inc prior to 07/2022);ATI;01/12/2017;4;3;1;75,00%;25,00%;31/12/2017;31/12/2017;28/02/2018;0,58;0,07;-0,06;0,06;0,64;1,92
23627;15378;00212010;ATYR PHARMA INC;LIFE;01/12/2017;5;5;3;100,00%;60,00%;31/12/2017;31/12/2017;28/02/2018;0,62;-0,55;-0,76;-0,6;0,28;0,39
9063;76282;05329W10;AUTONATION INC;AN;01/12/2017;5;4;2;80,00%;40,00%;31/12/2017;31/12/2017;28/02/2018;0,52;0,09;0,18;0,09;0,77;3,34
7647;59408;06050510;BANK OF AMERICA CORP;BAC;01/12/2017;8;8;8;100,00%;100,00%;31/12/2017;31/12/2017;28/02/2018;0,81;0,02;0,07;0,07;0,88;7,54
2019;49656;06405810;BANK OF NEW YORK MELLON CORP (THE);BK;01/12/2017;6;6;3;100,00%;50,00%;31/12/2017;31/12/2017;28/02/2018;0,75;0,02;0,1;0,09;0,89;8
2086;27887;07181310;BAXTER INTERNATIONAL INC;BAX;01/12/2017;6;4;5;66,67%;83,33%;31/12/2017;31/12/2017;28/02/2018;0,27;0,14;0,08;0,13;0,47;0,88
25279;77605;10113710;BELO SUN MINING CORP (Verena Minerals Corp prior to 07/2010);BSX;01/12/2017;5;5;0;100,00%;0,00%;31/12/2017;31/12/2017;28/02/2018;0,21;0,14;0,01;0,14;0,63;1,72
2154;43772;08143710;BEMIS CO INC (De-listed 06/2019);BMS;01/12/2017;5;5;1;100,00%;20,00%;31/12/2017;31/12/2017;28/02/2018;0,31;0,14;0,07;0,13;0,68;2,08
24468;76841;09062X10;BIOGEN INC (Biogen Idec Inc prior to 03/2015);BIIB;01/12/2017;4;0;3;0,00%;75,00%;31/12/2017;31/12/2017;28/02/2018;0,19;0,29;0,2;0,31;0,47;0,88
124434;87267;09247X10;BLACKROCK INC;BLK;01/12/2017;7;5;7;71,43%;100,00%;31/12/2017;31/12/2017;28/02/2018;0,43;0,03;0,14;0,15;0,85;5,9
2285;19561;09702310;BOEING CO;BA;01/12/2017;9;9;6;100,00%;66,67%;31/12/2017;31/12/2017;28/02/2018;0,01;0,13;3,77;0,91;1;258,93
28742;79545;09972410;BORGWARNER INC;BWA;01/12/2017;6;6;4;100,00%;66,67%;31/12/2017;31/12/2017;28/02/2018;0,35;0,17;0,12;0,22;0,61;1,6
25279;77605;10113710;BOSTON SCIENTIFIC CORP;BSX;01/12/2017;5;5;5;100,00%;100,00%;31/12/2017;31/12/2017;28/02/2018;0,21;0,14;0,01;0,14;0,63;1,72
2403;19393;11012210;BRISTOL-MYERS SQUIBB CO;BMY;01/12/2017;7;7;6;100,00%;85,71%;31/12/2017;31/12/2017;28/02/2018;0,12;0,15;0,07;0,2;0,65;1,85
163610;90993;45866F10;CANLAN ICE SPORTS CORP (Canlan Investment Ltd prior to 08/1999);ICE;01/12/2017;3;3;0;100,00%;0,00%;31/12/2017;31/12/2017;28/02/2018;0,47;0,04;0,13;0,11;0,78;3,62
30990;81055;14040H10;CAPITAL ONE FINANCIAL CORP;COF;01/12/2017;5;5;3;100,00%;60,00%;31/12/2017;31/12/2017;28/02/2018;0,92;0,02;0,05;0,07;0,87;6,49
2817;18542;14912310;CATERPILLAR INC;CAT;01/12/2017;4;3;4;75,00%;100,00%;31/12/2017;31/12/2017;28/02/2018;0,15;0,12;0,06;0,13;0,82;4,61
13599;11552;15102010;CELGENE CORP (De-listed 11/2019);CELG;01/12/2017;5;3;2;60,00%;40,00%;31/12/2017;31/12/2017;28/02/2018;0,1;0,22;0,4;0,27;0,77;3,36
5742;21792;15189T10;CENTERPOINT ENERGY INC;CNP;01/12/2017;6;6;1;100,00%;16,67%;31/12/2017;31/12/2017;28/02/2018;0,64;0,09;0,22;0,08;0,79;3,85
12850;10909;15678210;CERNER CORP (De-listed 06/2022);CERN;01/12/2017;6;4;1;66,67%;16,67%;31/12/2017;31/12/2017;28/02/2018;0,23;0,25;0,19;0,2;0,26;0,35
163946;90829;12526910;CF INDUSTRIES HLDGS INC;CF;01/12/2017;7;3;6;42,86%;85,71%;31/12/2017;31/12/2017;28/02/2018;0,47;0,08;0,07;0,03;0,5;1,89
65609;85459;12541W20;CH ROBINSON WORLDWIDE INC;CHRW;01/12/2017;6;5;6;83,33%;100,00%;31/12/2017;31/12/2017;28/02/2018;0,12;0,22;0,36;0,29;0,66;1,97
13988;75186;80851310;CHARLES SCHWAB CORP;SCHW;01/12/2017;6;4;5;66,67%;83,33%;31/12/2017;31/12/2017;28/02/2018;0,23;0,02;0,16;0,15;0,92;12,09
2991;14541;16676410;CHEVRON CORP;CVX;01/12/2017;5;5;5;100,00%;100,00%;31/12/2017;31/12/2017;28/02/2018;0,68;0,08;0,06;0,01;0,41;0,71
165914;91068;16965610;CHIPOTLE MEXICAN GRILL INC;CMG;01/12/2017;6;5;1;83,33%;16,67%;31/12/2017;31/12/2017;28/02/2018;0,17;0,23;0,13;;;
14824;23473;17206210;CINCINNATI FINANCIAL CORP;CINF;01/12/2017;9;5;4;55,56%;44,44%;31/12/2017;31/12/2017;28/02/2018;0,73;0,04;0,12;0,09;0,62;1,65
3243;70519;17296742;CITIGROUP INC;C;01/12/2017;6;6;4;100,00%;66,67%;31/12/2017;31/12/2017;28/02/2018;0,95;0,02;-0,03;0,05;0,89;8,17
61676;82686;17737610;CITRIX SYSTEMS INC (De-listed 09/2022);CTXS;01/12/2017;5;5;4;100,00%;80,00%;31/12/2017;31/12/2017;28/02/2018;0,08;0,13;0,01;0,19;0,83;4,86
3107;27422;18589910;CLEVELAND-CLIFFS INC (Cliffs Natural Resources Inc prior to 08/2017);CLF;01/12/2017;6;6;5;100,00%;83,33%;31/12/2017;31/12/2017;28/02/2018;;0,2;;0,3;1,15;-7,65
149070;89626;12572Q10;CME GROUP INC (Chicago Mercantile Exchange Holdings Inc prior to 07/2007);CME;01/12/2017;6;1;3;16,67%;50,00%;31/12/2017;31/12/2017;28/02/2018;0,55;0,03;0,15;0,1;0,7;2,38
3439;23229;12589610;CMS ENERGY CORP;CMS;01/12/2017;6;6;4;100,00%;66,67%;31/12/2017;31/12/2017;28/02/2018;0,44;0,1;0,07;0,09;0,81;4,15
120093;86799;12653C10;CNX RESOURCES CORP (CONSOL Energy Inc prior to 11/2017);CNX;01/12/2017;5;5;5;100,00%;100,00%;31/12/2017;31/12/2017;28/02/2018;1,2;0,06;0,08;0,01;0,44;0,78
3144;11308;19121610;COCA-COLA CO;KO;01/12/2017;4;3;2;75,00%;50,00%;31/12/2017;31/12/2017;28/02/2018;0,1;0,12;0,05;0,14;0,78;4,04
111864;86158;19244610;COGNIZANT TECHNOLOGY SOLUTIONS CORP;CTSH;01/12/2017;9;8;4;88,89%;44,44%;31/12/2017;31/12/2017;28/02/2018;0,26;0,2;0,14;0,22;0,3;0,43
3170;18729;19416210;COLGATE-PALMOLIVE CO;CL;01/12/2017;8;7;8;87,50%;100,00%;31/12/2017;31/12/2017;28/02/2018;;0,35;;0,61;0,98;-207,22
3226;89525;20030N10;COMCAST CORP (AT&T Comcast Corp prior to 11/2002);CMCSA;01/12/2017;8;8;3;100,00%;37,50%;31/12/2017;31/12/2017;28/02/2018;0,5;0,15;0,25;0,14;0,62;1,69
3231;25081;20034010;COMERICA INC;CMA;01/12/2017;6;3;3;50,00%;50,00%;31/12/2017;31/12/2017;28/02/2018;0,53;0,03;0,09;0,15;0,89;7,99
3413;11404;20911510;CONSOLIDATED EDISON INC;ED;01/12/2017;6;1;6;16,67%;100,00%;31/12/2017;31/12/2017;28/02/2018;0,79;0,08;0,07;0,08;0,68;2,12
3532;22293;21935010;CORNING INC;GLW;01/12/2017;9;7;6;77,78%;66,67%;31/12/2017;31/12/2017;28/02/2018;0,5;0,1;-0,03;0,09;0,43;0,75
2574;62148;12640810;CSX CORP;CSX;01/12/2017;8;7;5;87,50%;62,50%;31/12/2017;31/12/2017;28/02/2018;0,43;0,14;0,26;0,15;0,59;1,43
3650;41080;23102110;CUMMINS INC;CMI;01/12/2017;8;7;2;87,50%;25,00%;31/12/2017;31/12/2017;28/02/2018;0,26;0,15;0,14;0,22;0,55;1,37
7241;17005;12665010;CVS HEALTH CORP (CVS Caremark Corp prior to 09/2014);CVS;01/12/2017;5;3;3;60,00%;60,00%;31/12/2017;31/12/2017;28/02/2018;0,55;0,13;0,16;0,16;0,6;1,52
3735;49680;23585110;DANAHER CORP;DHR;01/12/2017;4;2;4;50,00%;100,00%;31/12/2017;31/12/2017;28/02/2018;0,41;0,1;0,1;0,09;0,43;0,77
61483;82307;23918K10;DAVITA INC (DaVita HealthCare Partners Inc prior to 09/2016);DVA;01/12/2017;4;3;4;75,00%;100,00%;31/12/2017;31/12/2017;28/02/2018;0,39;0,12;0,17;0,12;0,69;2,78
62655;83421;24237020;DEAN FOODS CO (Suiza Foods prior to 12/2001) (De-listed 11/2019);DF;01/12/2017;5;5;5;100,00%;100,00%;31/12/2017;31/12/2017;28/02/2018;0,68;0,13;0,07;0,1;0,74;2,82
14934;87137;25179M10;DEVON ENERGY CORP;DVN;01/12/2017;4;3;1;75,00%;25,00%;31/12/2017;31/12/2017;28/02/2018;0,46;0,12;0,11;0,06;0,53;1,74
177376;92121;25470910;DISCOVER FINANCIAL SERVICES INC;DFS;01/12/2017;4;4;4;100,00%;100,00%;31/12/2017;31/12/2017;28/02/2018;0,38;0,05;0,2;0,12;0,89;8,19
4029;64936;25746U10;DOMINION ENERGY INC (Dominion Resources Inc (Virginia) prior to 05/2017);D;01/12/2017;6;6;5;100,00%;83,33%;31/12/2017;31/12/2017;28/02/2018;0,41;0,08;0,13;0,08;0,75;3,34
4058;25953;26000310;DOVER CORP;DOV;01/12/2017;7;4;7;57,14%;100,00%;31/12/2017;31/12/2017;28/02/2018;0,31;0,13;0,17;0,13;0,59;1,43
3897;11674;23333110;DTE ENERGY CO;DTE;01/12/2017;5;2;4;40,00%;80,00%;31/12/2017;31/12/2017;28/02/2018;0,59;0,08;0,09;0,08;0,7;2,5
4093;27959;26441C20;DUKE ENERGY CORP;DUK;01/12/2017;7;6;5;85,71%;71,43%;31/12/2017;31/12/2017;28/02/2018;0,83;0,07;0,06;0,07;0,7;2,3
4094;88590;26483E10;DUN & BRADSTREET CORP (De-listed 02/2019);DNB;01/12/2017;5;4;1;80,00%;20,00%;31/12/2017;31/12/2017;28/02/2018;;0,21;;0,58;1,33;-3,98
63501;83862;26924640;E*TRADE FINANCIAL CORP (E Trade Group prior to 10/2003) (De-listed 10/2020);ETFC;01/12/2017;6;5;3;83,33%;50,00%;31/12/2017;31/12/2017;28/02/2018;0,47;0,02;0,1;0,16;0,89;8,13
29392;80080;27743210;EASTMAN CHEMICAL CO;EMN;01/12/2017;7;2;6;28,57%;85,71%;31/12/2017;31/12/2017;28/02/2018;0,48;0,14;0,23;0,14;0,66;1,95
114524;86356;27864210;EBAY INC;EBAY;01/12/2017;4;3;1;75,00%;25,00%;31/12/2017;31/12/2017;28/02/2018;0,3;0,12;-0,09;0,12;0,69;2,22
4213;70578;27886510;ECOLAB INC;ECL;01/12/2017;7;7;6;100,00%;85,71%;31/12/2017;31/12/2017;28/02/2018;0,21;0,15;0,19;0,14;0,61;1,61
9846;15720;28102010;EDISON INTERNATIONAL;EIX;01/12/2017;8;8;6;100,00%;75,00%;31/12/2017;31/12/2017;28/02/2018;0,79;0,08;0,04;0,09;0,74;2,79
133366;87657;28176E10;EDWARDS LIFESCIENCES CORP;EW;01/12/2017;4;4;4;100,00%;100,00%;31/12/2017;31/12/2017;28/02/2018;0,13;0,23;0,21;0,3;0,48;0,93
6730;50876;53245710;ELI LILLY & CO;LLY;01/12/2017;6;5;4;83,33%;66,67%;31/12/2017;31/12/2017;28/02/2018;0,13;0,15;-0,02;0,2;0,74;2,87
4423;52476;29442910;ENERFLEX LTD;EFX;01/12/2017;5;5;0;100,00%;0,00%;31/12/2017;31/12/2017;28/02/2018;0,25;0,18;0,18;0,17;0,55;1,26
7366;24010;29364G10;ENTERGY CORP;ETR;01/12/2017;5;4;2;80,00%;40,00%;31/12/2017;31/12/2017;28/02/2018;0,86;0,08;0,03;0,07;0,82;4,7
16478;75825;26875P10;EOG RESOURCES INC (Enron Oil & Gas Co prior to 09/1999);EOG;01/12/2017;9;3;4;33,33%;44,44%;31/12/2017;31/12/2017;28/02/2018;0,32;0,16;0,13;0,05;0,45;0,83
4430;24328;26884L10;EQT CORP (Equitable Resources Inc prior to 02/2009);EQT;01/12/2017;4;3;3;75,00%;75,00%;31/12/2017;31/12/2017;28/02/2018;1;0,1;0,13;0,08;0,38;0,83
4423;52476;29442910;EQUIFAX INC;EFX;01/12/2017;5;5;5;100,00%;100,00%;31/12/2017;31/12/2017;28/02/2018;0,25;0,18;0,18;0,17;0,55;1,26
8539;21776;30161N10;EXELON CORP;EXC;01/12/2017;5;3;5;60,00%;100,00%;31/12/2017;31/12/2017;28/02/2018;1,08;0,07;0,09;0,06;0,72;2,83
126296;90808;30212P30;EXPEDIA GROUP INC (Expedia Inc prior to 03/2018);EXPE;01/12/2017;3;0;2;0,00%;66,67%;31/12/2017;31/12/2017;28/02/2018;0,27;0,09;0,08;0,08;0,67;2,73
4494;87717;30213010;EXPEDITORS INTERNATIONAL OF WASHINGTON INC;EXPD;01/12/2017;5;5;1;100,00%;20,00%;31/12/2017;31/12/2017;28/02/2018;0,17;0,25;0,25;0,36;0,36;0,56
25356;77668;30219G10;EXPRESS SCRIPTS HOLDING CO (De-listed 12/2018);ESRX;01/12/2017;5;4;5;80,00%;100,00%;31/12/2017;31/12/2017;28/02/2018;0,49;0,14;0,22;0,17;0,67;1,99
4503;11850;30231G10;EXXON MOBIL CORP;XOM;01/12/2017;6;6;5;100,00%;83,33%;31/12/2017;31/12/2017;28/02/2018;0,61;0,09;0,09;0,05;0,44;0,82
14225;11618;31190010;FASTENAL CO;FAST;01/12/2017;4;3;2;75,00%;50,00%;31/12/2017;31/12/2017;28/02/2018;0,14;0,36;0,28;0,36;0,28;0,39
165993;89003;31620M10;FIDELITY NATIONAL INFORMATION SERVICES INC (Certegy Inc prior to 02/2006);FIS;01/12/2017;6;4;6;66,67%;100,00%;31/12/2017;31/12/2017;28/02/2018;0,39;0,12;0,11;0,08;0,55;1,25
4640;34746;31677310;FIFTH THIRD BANCORP;FITB;01/12/2017;5;5;2;100,00%;40,00%;31/12/2017;31/12/2017;28/02/2018;0,74;0,02;0,14;0,09;0,88;7,69
4737;36397;32051710;FIRST HORIZON CORP (First Horizon National Corp prior to 11/2020);FHN;01/12/2017;7;6;1;85,71%;14,29%;31/12/2017;31/12/2017;28/02/2018;0,64;0,02;0,05;0,1;0,89;8,6
175404;91611;33643310;FIRST SOLAR INC;FSLR;01/12/2017;5;3;2;60,00%;40,00%;31/12/2017;31/12/2017;28/02/2018;0,72;0,05;-0,03;0,04;0,26;0,35
8099;23026;33793210;FIRSTENERGY CORP;FE;01/12/2017;6;5;4;83,33%;66,67%;31/12/2017;31/12/2017;28/02/2018;0,39;0,1;-0,23;0,1;0,91;9,77
28477;79265;30244510;FLIR SYSTEMS INC (De-listed 05/2021);FLIR;01/12/2017;4;2;1;50,00%;25,00%;31/12/2017;31/12/2017;28/02/2018;0,29;0,15;0,06;0,15;0,35;0,53
4108;30940;34354P10;FLOWSERVE CORP;FLS;01/12/2017;5;2;1;40,00%;20,00%;31/12/2017;31/12/2017;28/02/2018;0,33;0,09;0;0,09;0,66;1,96
4818;88853;34341210;FLUOR CORP;FLR;01/12/2017;7;7;3;100,00%;42,86%;31/12/2017;31/12/2017;28/02/2018;0,46;0,07;0,06;0,09;0,63;1,75
4510;19166;30249130;FMC CORP;FMC;01/12/2017;6;4;3;66,67%;50,00%;31/12/2017;31/12/2017;28/02/2018;0,22;0,08;-0,03;0,1;0,71;2,42
4839;25785;34537086;FORD MOTOR CO;F;01/12/2017;8;6;2;75,00%;25,00%;31/12/2017;31/12/2017;28/02/2018;0,72;0,07;0,23;0,04;0,86;6,39
28118;79089;34988V10;FOSSIL GROUP INC (Fossil Inc prior to 05/2013);FOSL;01/12/2017;4;4;2;100,00%;50,00%;31/12/2017;31/12/2017;28/02/2018;1,53;0,06;-0,58;0,02;0,65;1,87
14590;81774;35671D85;FREEPORT-MCMORAN INC (Freeport-McMoRan Copper & Gold Inc prior to 07/2014);FCX;01/12/2017;3;2;3;66,67%;100,00%;31/12/2017;31/12/2017;28/02/2018;0,42;0,16;0,16;0,18;0,7;3,26
23821;15391;36473H10;GANNETT CO INC (Gannett SpinCo Inc prior to 06/2015) (De-listed 11/2019);GCI;01/12/2017;7;7;1;100,00%;14,29%;31/12/2017;31/12/2017;28/02/2018;0,79;0,13;0,01;0,15;0,6;1,53
23821;15391;36473H10;GANNETT CO INC (New Media Investment Group Inc prior to 11/2019);GCI;01/12/2017;6;6;4;100,00%;66,67%;31/12/2017;31/12/2017;28/02/2018;0,79;0,13;0,01;0,15;0,6;1,53
5046;12052;36955010;GENERAL DYNAMICS CORP;GD;01/12/2017;6;4;4;66,67%;66,67%;31/12/2017;31/12/2017;28/02/2018;0,19;0,14;0,26;0,28;0,67;2,06
5047;12060;36960410;GENERAL ELECTRIC CO (GE Aerospace);GE;01/12/2017;12;10;10;83,33%;83,33%;31/12/2017;31/12/2017;28/02/2018;0,42;0,05;-0,08;0,05;0,77;4,55
5125;46674;37246010;GENUINE PARTS CO;GPC;01/12/2017;8;8;6;100,00%;75,00%;31/12/2017;31/12/2017;28/02/2018;0,26;0,12;0,18;0,2;0,72;2,62
158354;90162;37247D10;GENWORTH FINANCIAL INC;GNW;01/12/2017;6;5;6;83,33%;100,00%;31/12/2017;31/12/2017;28/02/2018;8,66;0,01;0,06;0,06;0,85;6,71
24856;77274;37555810;GILEAD SCIENCES INC;GILD;01/12/2017;6;4;4;66,67%;66,67%;31/12/2017;31/12/2017;28/02/2018;0,22;0,25;0,24;0,29;0,71;2,44
114628;86868;38141G10;GOLDMAN SACHS GROUP INC;GS;01/12/2017;4;4;1;100,00%;25,00%;31/12/2017;31/12/2017;28/02/2018;0,71;0,02;0,06;0,04;0,91;10,14
5234;16432;38255010;GOODYEAR TIRE & RUBBER CO;GT;01/12/2017;5;4;2;80,00%;40,00%;31/12/2017;31/12/2017;28/02/2018;0,61;0,13;0,07;0,14;0,72;2,65
5439;23819;40621610;HALLIBURTON CO;HAL;01/12/2017;5;4;5;80,00%;100,00%;31/12/2017;31/12/2017;28/02/2018;0,2;0,14;-0,05;0,1;0,67;2,01
61739;82775;41651510;HARTFORD FINANCIAL SERVICES GROUP INC;HIG;01/12/2017;7;7;6;100,00%;85,71%;31/12/2017;31/12/2017;28/02/2018;0,67;0,01;-0,02;0,08;0,94;15,69
5518;52978;41805610;HASBRO INC;HAS;01/12/2017;7;7;5;100,00%;71,43%;31/12/2017;31/12/2017;28/02/2018;0,16;0,19;0,21;0,22;0,65;1,89
5597;16600;42786610;HERSHEY CO (THE);HSY;01/12/2017;9;9;6;100,00%;66,67%;31/12/2017;31/12/2017;28/02/2018;0,04;0,32;0,88;0,41;0,83;5,05
1380;28484;42809H10;HESS CORP (Amerada Hess prior to 05/2006);HES;01/12/2017;5;5;3;100,00%;60,00%;31/12/2017;31/12/2017;28/02/2018;0,73;-0,08;-0,31;-0,27;0,47;0,93
1300;10145;43851610;HONEYWELL INTERNATIONAL INC (AlliedSignal Inc prior to 01/2000);HON;01/12/2017;7;7;4;100,00%;57,14%;31/12/2017;31/12/2017;28/02/2018;0,18;0,16;0,08;0,23;0,71;2,43
27914;48653;44485910;HUMANA INC;HUM;01/12/2017;6;2;3;33,33%;50,00%;31/12/2017;31/12/2017;28/02/2018;0,29;0,15;0,24;0,24;0,64;1,76
5786;42906;44615010;HUNTINGTON BANCSHARES INC;HBAN;01/12/2017;4;4;4;100,00%;100,00%;31/12/2017;31/12/2017;28/02/2018;0,63;0,02;0,12;0,08;0,9;8,63
5878;56573;45230810;ILLINOIS TOOL WORKS INC (ITW);ITW;01/12/2017;7;7;2;100,00%;28,57%;31/12/2017;31/12/2017;28/02/2018;0,08;0,24;0,37;0,27;0,73;2,66
6008;59328;45814010;INTEL CORP;INTC;01/12/2017;5;4;2;80,00%;40,00%;31/12/2017;31/12/2017;28/02/2018;0,33;0,23;0,14;0,2;0,43;0,76
163610;90993;45866F10;INTERCONTINENTAL EXCHANGE INC (IntercontinentalExchange Group Inc prior to 05/2014);ICE;01/12/2017;4;4;2;100,00%;50,00%;31/12/2017;31/12/2017;28/02/2018;0,47;0,04;0,13;0,11;0,78;3,62
6066;12490;45920010;INTERNATIONAL BUSINESS MACHINES (IBM) CORP;IBM;01/12/2017;7;6;6;85,71%;85,71%;31/12/2017;31/12/2017;28/02/2018;0,13;0,13;0,31;0,17;0,86;6,12
6078;40272;45950610;INTERNATIONAL FLAVORS & FRAGRANCES INC;IFF;01/12/2017;6;6;6;100,00%;100,00%;31/12/2017;31/12/2017;28/02/2018;0,14;0,18;0,17;0,21;0,63;1,73
6136;53065;46069010;INTERPUBLIC GROUP OF COMPANIES INC;IPG;01/12/2017;9;7;9;77,78%;100,00%;31/12/2017;31/12/2017;28/02/2018;0,31;0,09;0,25;0,27;0,8;4,64
136725;88352;46120E60;INTUITIVE SURGICAL INC;ISRG;01/12/2017;5;3;2;60,00%;40,00%;31/12/2017;31/12/2017;28/02/2018;0,12;0,19;0,13;0,21;0,18;0,22
6266;22111;47816010;JOHNSON & JOHNSON;JNJ;01/12/2017;4;4;1;100,00%;25,00%;31/12/2017;31/12/2017;28/02/2018;0,18;0,17;0,02;0,21;0,62;1,61
2968;47896;46625H10;JPMORGAN CHASE & CO;JPM;01/12/2017;4;3;4;75,00%;100,00%;31/12/2017;31/12/2017;28/02/2018;0,64;0,02;0,11;0,07;0,9;8,91
121718;86979;48203R10;JUNIPER NETWORKS INC;JNPR;01/12/2017;3;2;2;66,67%;66,67%;31/12/2017;31/12/2017;28/02/2018;0,45;0,12;0,06;0,13;0,52;1,1
6375;26825;48783610;KELLANOVA CO (Kellogg Co prior to 10/2023);K;01/12/2017;7;7;3;100,00%;42,86%;31/12/2017;31/12/2017;28/02/2018;0,11;0,17;0,51;0,22;0,86;6,38
9783;64995;49326710;KEYCORP;KEY;01/12/2017;4;4;2;100,00%;50,00%;31/12/2017;31/12/2017;28/02/2018;0,65;0,02;0,09;0,11;0,89;8,17
9783;64995;49326710;KEYERA CORP;KEY;01/12/2017;4;4;0;100,00%;0,00%;31/12/2017;31/12/2017;28/02/2018;0,65;0,02;0,09;0,11;0,89;8,17
6435;17750;49436810;KIMBERLY-CLARK CORP;KMB;01/12/2017;6;4;6;66,67%;100,00%;31/12/2017;31/12/2017;28/02/2018;0,02;0,27;;0,43;0,94;22,59
6310;12558;49456B10;KINDER MORGAN INC (Kinder Morgan Holdco LLC prior to 02/2011);KMI;01/12/2017;5;5;4;100,00%;80,00%;31/12/2017;31/12/2017;28/02/2018;0,84;0,07;0,01;0,05;0,56;1,31
110685;86021;50241310;L3 TECHNOLOGIES INC (L-3 Communications Holdings Inc prior to 01/2017) (De-listed 07/2019);LLL;01/12/2017;5;2;2;40,00%;40,00%;31/12/2017;31/12/2017;28/02/2018;0,34;0,1;0,15;0,13;0,6;1,49
14960;12062;50540R40;LABCORP HOLDINGS INC (Laboratory Corporation of America Holdings (Labcorp) prior to 05/2024);LH;01/12/2017;14;6;8;42,86%;57,14%;31/12/2017;31/12/2017;28/02/2018;0,47;0,13;0,18;0,12;0,59;1,42
6649;60943;52466010;LEGGETT & PLATT INC;LEG;01/12/2017;8;6;7;75,00%;87,50%;31/12/2017;31/12/2017;28/02/2018;0,2;0,17;0,24;0,2;0,66;1,98
7585;22779;62007630;LIFEWORKS INC (Morneau Shepell Inc prior to 05/2021) (De-listed 09/2022);MSI;01/12/2017;5;5;0;100,00%;0,00%;31/12/2017;31/12/2017;28/02/2018;;0,2;;0,43;1,21;-5,7
6742;49015;53418710;LINCOLN NATIONAL CORP;LNC;01/12/2017;5;2;1;40,00%;20,00%;31/12/2017;31/12/2017;28/02/2018;1,16;0,01;0,11;0,1;0,94;15,27
6781;26710;54042410;LOBLAW COMPANIES LTD;L;01/12/2017;5;4;0;80,00%;0,00%;31/12/2017;31/12/2017;28/02/2018;1,2;0,04;0,06;0,07;0,69;2,87
6774;21178;53983010;LOCKHEED MARTIN CORP;LMT;01/12/2017;6;6;5;100,00%;83,33%;31/12/2017;31/12/2017;28/02/2018;;0,15;;0,39;1,01;-69
6781;26710;54042410;LOEWS CORP;L;01/12/2017;8;2;2;25,00%;25,00%;31/12/2017;31/12/2017;28/02/2018;1,2;0,04;0,06;0,07;0,69;2,87
4699;35554;55261F10;M&T BANK CORP;MTB;01/12/2017;5;5;2;100,00%;40,00%;31/12/2017;31/12/2017;28/02/2018;0,59;0,03;0,09;0,14;0,86;6,3
186989;12872;56585A10;MARATHON PETROLEUM CORP;MPC;01/12/2017;8;8;4;100,00%;50,00%;31/12/2017;31/12/2017;28/02/2018;0,52;0,12;0,2;0,13;0,55;1,94
28930;85913;57190320;MARRIOTT INTERNATIONAL INC;MAR;01/12/2017;4;3;4;75,00%;100,00%;31/12/2017;31/12/2017;28/02/2018;0,09;0,12;0,46;0,2;0,84;5,42
7065;45751;57174810;MARSH & MCLENNAN COMPANIES INC;MMC;01/12/2017;6;6;5;100,00%;83,33%;31/12/2017;31/12/2017;28/02/2018;0,19;0,18;0,21;0,24;0,64;1,76
7085;34032;57459910;MASCO CORP;MAS;01/12/2017;7;6;6;85,71%;85,71%;31/12/2017;31/12/2017;28/02/2018;;0,24;;0,41;0,97;-88,53
160225;91233;57636Q10;MASTERCARD INC;MA;01/12/2017;6;6;2;100,00%;33,33%;31/12/2017;31/12/2017;28/02/2018;0,03;0,36;0,69;0,63;0,74;2,88
7116;39538;57708110;MATTEL INC;MAT;01/12/2017;6;4;5;66,67%;83,33%;31/12/2017;31/12/2017;28/02/2018;0,25;0,02;-0,56;-0,04;0,8;3,96
7257;22752;58933Y10;MERCK & CO INC (Schering-Plough Corp prior to 11/2009);MRK;01/12/2017;5;5;2;100,00%;40,00%;31/12/2017;31/12/2017;28/02/2018;0,24;0,14;0,06;0,13;0,61;1,55
133768;87842;59156R10;METLIFE INC;MET;01/12/2017;8;8;5;100,00%;62,50%;31/12/2017;31/12/2017;28/02/2018;1,2;0,01;0,07;0,06;0,92;10,88
7435;22592;88579Y10;MINCO CAPITAL CORP (Minco Gold Corp prior to 02/2019);MMM;01/12/2017;3;3;0;100,00%;0,00%;31/12/2017;31/12/2017;28/02/2018;0,08;0,25;0,44;0,31;0,69;2,28
3505;59248;60871R20;MOLSON COORS BEVERAGE CO (Molson Coors Brewing Co prior to 01/2020);TAP;01/12/2017;4;3;2;75,00%;50,00%;31/12/2017;31/12/2017;28/02/2018;0,84;0,09;0,1;0,08;0,56;1,27
24316;88031;61174X10;MONSTER BEVERAGE CORP (Hansen Natural Corp prior to 12/2011);MNST;01/12/2017;5;1;3;20,00%;60,00%;31/12/2017;31/12/2017;28/02/2018;0,11;0,28;0,23;0,33;0,19;0,23
139665;48506;61536910;MOODYS CORP;MCO;01/12/2017;14;11;12;78,57%;85,71%;31/12/2017;31/12/2017;28/02/2018;;0,29;;0,5;1,01;-26,58
12124;69032;61744644;MORGAN STANLEY (Morgan Stanley Dean Witter & Co prior to 07/2002);MS;01/12/2017;6;6;5;100,00%;83,33%;31/12/2017;31/12/2017;28/02/2018;0,73;0,02;0,09;0,04;0,91;9,98
162129;90386;61945C10;MOSAIC CO;MOS;01/12/2017;8;7;4;87,50%;50,00%;31/12/2017;31/12/2017;28/02/2018;1,19;0,07;-0,01;0,04;0,48;0,94
7585;22779;62007630;MOTOROLA SOLUTIONS INC;MSI;01/12/2017;5;5;4;100,00%;80,00%;31/12/2017;31/12/2017;28/02/2018;;0,2;;0,43;1,21;-5,7
7620;28345;62671710;MURPHY OIL CORP;MUR;01/12/2017;5;2;2;40,00%;40,00%;31/12/2017;31/12/2017;28/02/2018;0,89;0,13;-0,06;0,03;0,53;1,13
149337;90601;63110310;NASDAQ INC (NASDAQ OMX Group Inc prior to 09/2015);NDAQ;01/12/2017;7;7;6;100,00%;85,71%;31/12/2017;31/12/2017;28/02/2018;0,5;0,08;0,12;0,11;0,63;1,68
147579;89393;64110L10;NETFLIX INC;NFLX;01/12/2017;4;1;1;25,00%;25,00%;31/12/2017;31/12/2017;28/02/2018;0,04;0,06;0,18;0,1;0,81;4,31
7875;60986;65122910;NEWELL BRANDS INC (Newell Rubbermaid Inc prior to 04/2016);NWL;01/12/2017;4;2;4;50,00%;100,00%;31/12/2017;31/12/2017;28/02/2018;1,16;0,07;0,16;0,07;0,57;1,34
29173;79915;65129010;NEWFIELD EXPLORATION CO (De-listed 02/2019);NFX;01/12/2017;6;4;5;66,67%;83,33%;31/12/2017;31/12/2017;28/02/2018;0,24;0,21;0,35;0,14;0,72;2,52
7881;21207;65163910;NEWMONT CORP (Newmont Goldcorp Corp prior to 01/2020);NEM;01/12/2017;8;8;6;100,00%;75,00%;31/12/2017;31/12/2017;28/02/2018;0,56;0,13;-0,01;0,09;0,43;0,84
4517;24205;65339F10;NEXTERA ENERGY INC (FPL Group Inc prior to 05/2010);NEE;01/12/2017;5;5;2;100,00%;40,00%;31/12/2017;31/12/2017;28/02/2018;0,46;0,1;0,15;0,11;0,7;2,42
7974;38762;65473P10;NISOURCE INC (NIPSCO Industries Inc prior to 04/1999);NI;01/12/2017;5;5;1;100,00%;20,00%;31/12/2017;31/12/2017;28/02/2018;0,65;0,08;0,02;0,07;0,78;3,62
7912;61815;65504410;NOBLE ENERGY INC (Noble Affiliates prior to 05/2002) (De-listed 10/2020);NBL;01/12/2017;7;4;2;57,14%;28,57%;31/12/2017;31/12/2017;28/02/2018;0,77;0,1;-0,1;0,01;0,51;1,09
7923;64311;65584410;NORFOLK SOUTHERN CORP;NSC;01/12/2017;6;5;6;83,33%;100,00%;31/12/2017;31/12/2017;28/02/2018;0,55;0,13;0,24;0,14;0,54;1,18
7982;58246;66585910;NORTHERN TRUST CORP;NTRS;01/12/2017;5;4;4;80,00%;80,00%;31/12/2017;31/12/2017;28/02/2018;0,43;0,02;0,13;0,14;0,93;12,57
7985;24766;66680710;NORTHROP GRUMMAN CORP;NOC;01/12/2017;7;4;3;57,14%;42,86%;31/12/2017;31/12/2017;28/02/2018;0,13;0,12;0,33;0,19;0,8;3,95
63892;84032;63707110;NOV INC (National Oilwell Varco Inc prior to 01/2021);NOV;01/12/2017;4;3;4;75,00%;100,00%;31/12/2017;31/12/2017;28/02/2018;1,08;0,03;-0,02;-0,01;0,3;0,43
135990;90071;62937750;NRG ENERGY INC;NRG;01/12/2017;7;6;4;85,71%;57,14%;31/12/2017;31/12/2017;28/02/2018;;0,09;;0,07;0,91;-61,48
8030;34817;67034610;NUCOR CORP;NUE;01/12/2017;8;5;1;62,50%;12,50%;31/12/2017;31/12/2017;28/02/2018;0,45;0,17;0,15;0,15;0,43;0,77
28180;79103;67103H10;O'REILLY AUTOMOTIVE INC;ORLY;01/12/2017;6;2;1;33,33%;16,67%;31/12/2017;31/12/2017;28/02/2018;0,04;0,26;0,92;0,48;0,91;10,59
8215;77157;69076840;O-I GLASS INC (Owens-Illinois Inc prior to 12/2019);OI;01/12/2017;7;7;3;100,00%;42,86%;31/12/2017;31/12/2017;28/02/2018;0,25;0,1;0,29;0,09;0,9;10,93
8068;34833;67459910;OCCIDENTAL PETROLEUM CORP;OXY;01/12/2017;6;6;6;100,00%;100,00%;31/12/2017;31/12/2017;28/02/2018;0,38;0,11;0,06;0,02;0,51;1,04
4066;30681;68191910;OMNICOM GROUP INC;OMC;01/12/2017;7;6;6;85,71%;85,71%;31/12/2017;31/12/2017;28/02/2018;0,18;0,1;0,38;0,28;0,87;8,26
8151;25232;68268010;ONEOK INC (WAI Inc prior to 11/1997);OKE;01/12/2017;5;4;5;80,00%;100,00%;31/12/2017;31/12/2017;28/02/2018;0,27;0,11;0,1;0,12;0,66;2,02
8253;60506;69371810;PACCAR INC;PCAR;01/12/2017;4;4;4;100,00%;100,00%;31/12/2017;31/12/2017;28/02/2018;0,35;0,15;0,21;0,14;0,66;1,91
4145;42200;71404610;PARKLAND CORP (Parkland Fuel Corp prior to 05/2020);PKI;01/12/2017;6;6;0;100,00%;0,00%;31/12/2017;31/12/2017;28/02/2018;0,35;0,09;0,06;0,09;0,59;1,43
142460;16689;70455110;PEABODY ENERGY CORP;BTU;01/12/2017;3;3;3;100,00%;100,00%;31/12/2017;31/12/2017;28/02/2018;0,73;0,13;0,29;0,27;0,55;1,25
8455;22517;69351T10;PEMBINA PIPELINE CORP;PPL;01/12/2017;6;6;3;100,00%;50,00%;31/12/2017;31/12/2017;28/02/2018;0,62;0,1;0,08;0,1;0,74;2,85
16245;12073;71270410;PEOPLE'S UNITED FINANCIAL INC (De-listed 04/2022);PBCT;01/12/2017;8;4;4;50,00%;50,00%;31/12/2017;31/12/2017;28/02/2018;0,88;0,02;0,06;0,07;0,87;6,64
8479;13856;71344810;PEPSICO INC;PEP;01/12/2017;7;7;4;100,00%;57,14%;31/12/2017;31/12/2017;28/02/2018;0,08;0,17;0,32;0,22;0,86;6,34
8530;21936;71708110;PFIZER INC;PFE;01/12/2017;5;4;5;80,00%;100,00%;31/12/2017;31/12/2017;28/02/2018;0,35;0,12;0,26;0,14;0,58;1,4
8264;13688;69331C10;PG&E CORP;PCG;01/12/2017;7;7;6;100,00%;85,71%;31/12/2017;31/12/2017;28/02/2018;1,09;0,09;0,06;0,09;0,71;2,49
179621;92602;71817210;PHILIP MORRIS INTERNATIONAL INC;PM;01/12/2017;5;4;1;80,00%;20,00%;31/12/2017;31/12/2017;28/02/2018;;0,31;;0,6;1,24;-4,4
1075;27991;72348410;PINNACLE WEST CAPITAL CORP;PNW;01/12/2017;6;4;2;66,67%;33,33%;31/12/2017;31/12/2017;28/02/2018;0,73;0,09;0,07;0,1;0,7;2,37
14359;75241;72378710;PIONEER NATURAL RESOURCES CO (De-listed 05/2024);PXD;01/12/2017;14;14;10;100,00%;71,43%;31/12/2017;31/12/2017;28/02/2018;0,41;0,1;0,07;0,02;0,34;0,51
8606;24459;72447910;PITNEY BOWES INC;PBI;01/12/2017;6;3;4;50,00%;66,67%;31/12/2017;31/12/2017;28/02/2018;0,2;0,1;;0,13;0,97;34,42
8245;60442;69347510;PNC FINANCIAL SERVICES GROUP INC;PNC;01/12/2017;5;3;2;60,00%;40,00%;31/12/2017;31/12/2017;28/02/2018;0,67;0,02;0,12;0,08;0,88;7,01
8247;22509;69350610;PPG INDUSTRIES INC;PPG;01/12/2017;5;5;5;100,00%;100,00%;31/12/2017;31/12/2017;28/02/2018;0,2;0,16;0,24;0,22;0,66;1,96
8455;22517;69351T10;PPL CORP;PPL;01/12/2017;7;7;6;100,00%;85,71%;31/12/2017;31/12/2017;28/02/2018;0,62;0,1;0,08;0,1;0,74;2,85
25124;77768;74005P10;PRAXAIR INC (De-listed 10/2018);PX;01/12/2017;4;3;1;75,00%;25,00%;31/12/2017;31/12/2017;28/02/2018;0,16;0,19;0,19;0,17;0,68;2,31
145701;89195;74251V10;PRINCIPAL FINANCIAL GROUP INC;PFG;01/12/2017;6;5;1;83,33%;16,67%;31/12/2017;31/12/2017;28/02/2018;0,68;0,01;0,18;0,15;0,95;18,75
13341;64390;74331510;PROGRESSIVE CORP (OHIO);PGR;01/12/2017;6;3;5;50,00%;83,33%;31/12/2017;31/12/2017;28/02/2018;0,29;0,07;0,18;0,19;0,75;3,11
143356;89258;74432010;PRUDENTIAL FINANCIAL INC;PRU;01/12/2017;3;3;3;100,00%;100,00%;31/12/2017;31/12/2017;28/02/2018;1,11;0,01;0,16;0,1;0,93;14,38
8810;23712;74457310;PUBLIC SERVICE ENTERPRISE GROUP INC;PEG;01/12/2017;7;5;5;71,43%;71,43%;31/12/2017;31/12/2017;28/02/2018;0,73;0,08;0,08;0,09;0,68;2,08
8823;54148;74586710;PULTEGROUP INC;PHM;01/12/2017;6;6;6;100,00%;100,00%;31/12/2017;31/12/2017;28/02/2018;0,44;0,1;0,1;0,12;0,57;1,33
154357;93422;74733V10;QEP RESOURCES INC (De-listed 03/2021);QEP;01/12/2017;6;6;6;100,00%;100,00%;31/12/2017;31/12/2017;28/02/2018;1,87;0,09;0,06;-0,02;0,49;0,95
66446;85792;74762E10;QUANTA SERVICES INC;PWR;01/12/2017;4;4;4;100,00%;100,00%;31/12/2017;31/12/2017;28/02/2018;0,66;0,11;0,08;0,11;0,41;0,71
4040;38682;25786720;R R DONNELLEY & SONS CO (De-listed 02/2022);RRD;01/12/2017;8;8;8;100,00%;100,00%;31/12/2017;31/12/2017;28/02/2018;;0,12;;0,14;1,05;-18,88
6788;50017;75281A10;RANGE RESOURCES CORP;RRC;01/12/2017;5;5;5;100,00%;100,00%;31/12/2017;31/12/2017;28/02/2018;1,53;0,1;0,05;0,03;0,51;1,03
9299;27633;78354910;RED EAGLE MINING CORP (De-listed 12/2018);R;01/12/2017;3;3;0;100,00%;0,00%;31/12/2017;31/12/2017;28/02/2018;0,91;0,16;0,2;0,06;0,75;3,04
4674;35044;7591EP10;REGIONS FINANCIAL CORP;RF;01/12/2017;5;4;4;80,00%;80,00%;31/12/2017;31/12/2017;28/02/2018;0,78;0,02;0,08;0,12;0,87;6,68
112168;86228;76075910;REPUBLIC SERVICES INC;RSG;01/12/2017;8;7;1;87,50%;12,50%;31/12/2017;31/12/2017;28/02/2018;0,35;0,13;0,16;0,1;0,62;1,66
2312;52230;77032310;ROBERT HALF INC (Robert Half International Inc prior to 07/2023);RHI;01/12/2017;4;4;2;100,00%;50,00%;31/12/2017;31/12/2017;28/02/2018;0,16;0,32;0,27;0,47;0,41;0,69
24925;77338;77669610;ROPER TECHNOLOGIES INC (Roper Industries Inc prior to 04/2015);ROP;01/12/2017;4;4;3;100,00%;75,00%;31/12/2017;31/12/2017;28/02/2018;0,29;0,11;0,13;0,1;0,52;1,09
9299;27633;78354910;RYDER SYSTEM INC;R;01/12/2017;5;2;5;40,00%;100,00%;31/12/2017;31/12/2017;28/02/2018;0,91;0,16;0,2;0,06;0,75;3,04
9445;23085;80589M10;SCANA CORP (De-listed 01/2019);SCG;01/12/2017;5;4;1;80,00%;20,00%;31/12/2017;31/12/2017;28/02/2018;1,15;0,08;-0,02;0,09;0,72;2,57
9555;85926;81211K10;SEALED AIR CORP;SEE;01/12/2017;6;6;5;100,00%;83,33%;31/12/2017;31/12/2017;28/02/2018;0,02;0,13;0,15;0,16;0,97;33,67
8272;86136;81685110;SEMPRA (Sempra Energy prior to 05/2023);SRE;01/12/2017;7;7;1;100,00%;14,29%;31/12/2017;31/12/2017;28/02/2018;0,58;0,08;0,02;0,08;0,7;2,78
9667;36468;82434810;SHERWIN-WILLIAMS CO;SHW;01/12/2017;4;4;3;100,00%;75,00%;31/12/2017;31/12/2017;28/02/2018;0,13;0,19;0,51;0,23;0,82;4,41
20430;66325;78442P10;SLM CORP (SALLIE MAE);SLM;01/12/2017;7;7;3;100,00%;42,86%;31/12/2017;31/12/2017;28/02/2018;0,42;0,03;0,15;0,13;0,89;7,8
9778;60206;83303410;SNAP-ON INC;SNA;01/12/2017;4;4;4;100,00%;100,00%;31/12/2017;31/12/2017;28/02/2018;0,3;0,2;0,2;0,24;0,43;0,77
9850;18411;84258710;SOUTHERN CO;SO;01/12/2017;5;4;2;80,00%;40,00%;31/12/2017;31/12/2017;28/02/2018;0,69;0,08;0,02;0,08;0,77;3,48
9882;58683;84474110;SOUTHWEST AIRLINES CO;LUV;01/12/2017;5;3;5;60,00%;100,00%;31/12/2017;31/12/2017;28/02/2018;0,33;0,2;0,28;0,28;0,58;1,41
9904;63765;84546710;SOUTHWESTERN ENERGY CO;SWN;01/12/2017;5;4;5;80,00%;100,00%;31/12/2017;31/12/2017;28/02/2018;0,69;0,17;0,72;0,12;0,74;2,8
10016;43350;85450210;STANLEY BLACK & DECKER INC;SWK;01/12/2017;5;5;3;100,00%;60,00%;31/12/2017;31/12/2017;28/02/2018;0,31;0,13;0,16;0,16;0,56;1,3
63527;83906;85891210;STERICYCLE INC;SRCL;01/12/2017;5;4;2;80,00%;40,00%;31/12/2017;31/12/2017;28/02/2018;0,45;0,11;0,02;0,09;0,58;1,14
10115;73139;86366710;STRYKER CORP;SYK;01/12/2017;3;3;3;100,00%;100,00%;31/12/2017;31/12/2017;28/02/2018;0,17;0,16;0,1;0,16;0,55;1,23
10187;68144;86791410;SUNTRUST BANKS INC (De-listed 12/2019);STI;01/12/2017;6;6;2;100,00%;33,33%;31/12/2017;31/12/2017;28/02/2018;0,76;0,02;0,1;0,12;0,88;7,22
12138;10138;74144T10;T ROWE PRICE GROUP INC;TROW;01/12/2017;5;4;3;80,00%;60,00%;31/12/2017;31/12/2017;28/02/2018;0,23;0,32;0,28;0,38;0,1;0,12
9899;66093;00206R10;TELUS CORP;T;01/12/2017;9;9;2;100,00%;22,22%;31/12/2017;31/12/2017;28/02/2018;0,77;0,12;0,16;0,09;0,68;2,14
7750;52337;88033G40;TENET HEALTHCARE CORP;THC;01/12/2017;9;9;9;100,00%;100,00%;31/12/2017;31/12/2017;28/02/2018;;0,09;;0,09;0,9;-142,72
178310;92293;88076W10;TERADATA CORP;TDC;01/12/2017;6;5;4;83,33%;66,67%;31/12/2017;31/12/2017;28/02/2018;0,14;0,1;-0,08;0,07;0,74;2,83
10453;51369;88077010;TERADYNE INC;TER;01/12/2017;3;1;3;33,33%;100,00%;31/12/2017;31/12/2017;28/02/2018;0,24;0,22;0,14;0,24;0,37;0,59
10499;15579;88250810;TEXAS INSTRUMENTS INC;TXN;01/12/2017;18;18;10;100,00%;55,56%;31/12/2017;31/12/2017;28/02/2018;0,1;0,41;0,35;0,43;0,41;0,71
10519;23579;88320310;TEXTRON INC;TXT;01/12/2017;8;8;5;100,00%;62,50%;31/12/2017;31/12/2017;28/02/2018;0,39;0,1;0,05;0,11;0,63;1,72
2547;64186;12550910;THE CIGNA GROUP (Cigna Corp prior to 02/2023);CI;01/12/2017;5;5;3;100,00%;60,00%;31/12/2017;31/12/2017;28/02/2018;0,28;0,08;0,16;0,23;0,78;3,49
62689;59459;89417E10;THE TRAVELERS COMPANIES INC (St Paul Travelers Companies Inc prior to 02/2007);TRV;01/12/2017;9;7;3;77,78%;33,33%;31/12/2017;31/12/2017;28/02/2018;0,64;0,03;0,09;0,09;0,77;3,36
10530;62092;88355610;THERMO FISHER SCIENTIFIC INC (Thermo Electron Corp prior to 11/2006);TMO;01/12/2017;5;5;4;100,00%;80,00%;31/12/2017;31/12/2017;28/02/2018;0,37;0,1;0,09;0,08;0,55;1,23
10631;76639;89190610;TOTAL SYSTEM SERVICES INC (TSYS) (De-listed 09/2019);TSS;01/12/2017;3;1;1;33,33%;33,33%;31/12/2017;31/12/2017;28/02/2018;0,17;0,17;0,23;0,14;0,63;1,77
199356;13168;89694520;TRIPADVISOR INC;TRIP;01/12/2017;3;3;3;100,00%;100,00%;31/12/2017;31/12/2017;28/02/2018;0,29;0,1;-0,01;0,08;0,4;0,67
10867;48725;90781810;UNION PACIFIC CORP;UNP;01/12/2017;6;4;2;66,67%;33,33%;31/12/2017;31/12/2017;28/02/2018;0,34;0,18;0,3;0,21;0,57;1,33
10920;87447;91131210;UNITED PARCEL SERVICE (UPS) INC;UPS;01/12/2017;5;4;5;80,00%;100,00%;31/12/2017;31/12/2017;28/02/2018;0,02;0,23;4,32;0,36;0,98;44,37
23978;76644;91290910;UNITED STATES STEEL CORP;X;01/12/2017;8;7;5;87,50%;62,50%;31/12/2017;31/12/2017;28/02/2018;0,54;0,11;0,14;0,09;0,66;1,97
10903;92655;91324P10;UNITEDHEALTH GROUP INC;UNH;01/12/2017;7;7;7;100,00%;100,00%;31/12/2017;31/12/2017;28/02/2018;0,23;0,13;0,23;0,2;0,63;1,82
12726;71175;91529Y10;UNUM GROUP (UnumProvident Corp prior to 03/2007);UNM;01/12/2017;5;3;5;60,00%;100,00%;31/12/2017;31/12/2017;28/02/2018;0,8;0,03;0,11;0,12;0,85;5,69
4723;66157;90297330;US BANCORP;USB;01/12/2017;4;4;4;100,00%;100,00%;31/12/2017;31/12/2017;28/02/2018;0,49;0,03;0,14;0,13;0,89;8,41
15247;85269;91913Y10;VALERO ENERGY CORP;VLO;01/12/2017;4;3;3;75,00%;75,00%;31/12/2017;31/12/2017;28/02/2018;0,67;0,1;0,15;0,12;0,54;1,24
66368;85753;92343E10;VERISIGN INC;VRSN;01/12/2017;3;2;3;66,67%;100,00%;31/12/2017;31/12/2017;28/02/2018;;0,29;;0,78;1,43;-3,33
2136;65875;92343V10;VERIZON COMMUNICATIONS INC;VZ;01/12/2017;7;4;6;57,14%;85,71%;31/12/2017;31/12/2017;28/02/2018;0,34;0,18;0,42;0,19;0,83;4,93
11060;43553;91820410;VF CORP;VFC;01/12/2017;8;8;7;100,00%;87,50%;31/12/2017;31/12/2017;28/02/2018;0,13;0,19;0,16;0,22;0,63;1,68
11228;15202;92916010;VICINITY MOTOR CORP (Grande West Transportation Group Inc prior to 03/2021);VMC;01/12/2017;4;4;0;100,00%;0,00%;31/12/2017;31/12/2017;28/02/2018;0,32;0,11;0,11;0,09;0,48;0,91
11228;15202;92916010;VULCAN MATERIALS CO;VMC;01/12/2017;6;5;2;83,33%;33,33%;31/12/2017;31/12/2017;28/02/2018;0,32;0,11;0,11;0,09;0,48;0,91
14477;11955;94106L10;WASTE MANAGEMENT INC;WM;01/12/2017;7;7;6;100,00%;85,71%;31/12/2017;31/12/2017;28/02/2018;0,19;0,19;0,28;0,17;0,72;2,62
61574;82651;94184810;WATERS CORP;WAT;01/12/2017;6;6;6;100,00%;100,00%;31/12/2017;31/12/2017;28/02/2018;0,15;0,16;0,01;0,17;0,58;1,38
175263;91461;95980210;WESTERN UNION CO;WU;01/12/2017;7;5;2;71,43%;28,57%;31/12/2017;31/12/2017;28/02/2018;;0,15;;0,35;1,05;-19,79
11465;25419;96332010;WHIRLPOOL CORP;WHR;01/12/2017;9;9;2;100,00%;22,22%;31/12/2017;31/12/2017;28/02/2018;0,36;0,11;0,08;0,16;0,74;3,55
11506;38156;96945710;WILLIAMS COMPANIES INC;WMB;01/12/2017;7;7;7;100,00%;100,00%;31/12/2017;31/12/2017;28/02/2018;0,51;0,08;0,2;0,06;0,65;3,13
187128;13141;98212B10;WPX ENERGY INC (De-listed 01/2021);WPX;01/12/2017;4;4;4;100,00%;100,00%;31/12/2017;31/12/2017;28/02/2018;0,71;0,09;0;-0,02;0,5;0,99
5256;52695;38480210;WW GRAINGER INC;GWW;01/12/2017;6;6;5;100,00%;83,33%;31/12/2017;31/12/2017;28/02/2018;0,13;0,25;0,32;0,29;0,69;2,35
149318;89533;98313410;WYNN RESORTS LTD;WYNN;01/12/2017;4;4;3;100,00%;75,00%;31/12/2017;31/12/2017;28/02/2018;0,05;0,13;0,48;0,1;0,91;12,24
7977;23931;98389B10;XCEL ENERGY INC;XEL;01/12/2017;8;8;4;100,00%;50,00%;31/12/2017;31/12/2017;28/02/2018;0,63;0,09;0,07;0,08;0,73;2,76
11636;27983;98412160;XEROX HOLDINGS CORP (Xerox Corp prior to 08/2019);XRX;01/12/2017;5;4;4;80,00%;80,00%;31/12/2017;31/12/2017;28/02/2018;0,72;0,09;0,04;0,1;0,65;1,92
189491;13035;98419M10;XYLEM INC;XYL;01/12/2017;6;6;4;100,00%;66,67%;31/12/2017;31/12/2017;28/02/2018;0,22;0,13;0,12;0,14;0,63;1,73
65417;85348;98849810;YUM! BRANDS INC (Tricon Global Restaurants Inc prior to 05/2002);YUM;01/12/2017;6;6;1;100,00%;16,67%;31/12/2017;31/12/2017;28/02/2018;;0,57;;0,82;2,19;-1,84
11687;84129;98970110;ZIONS BANCORPORATION NA (Zions Bancorporation prior to 10/2018);ZION;01/12/2017;5;5;5;100,00%;100,00%;31/12/2017;31/12/2017;28/02/2018;0,71;0,02;0,08;0,11;0,88;7,63
